IPO_Name,Listing_Gain_Pct,Current_Gain_Pct,Predicted_Gain,Prob_Positive,Invest_Flag,Hold_Better_Than_Flip,Flip_Hold_Strategy,IPO_Quality_Score,Score_Category,Dominant_Investor
JSW Energy Limited,2.0,436.3,-0.5476660598079905,0.5051,0,1,Hold,0.13704885344322199,Weak,QIB_Dominant
Godrej Properties Limited,4.08,299.35,1.1334781714750488,0.5696,0,1,Hold,0.17139101113017702,Weak,QIB_Dominant
D B Corp Limited,17.92,29.6,21.546618591244364,0.8994,1,1,Hold,0.2350273137398325,Moderate,QIB_Dominant
MBL Infrastructure Limited,5.56,-77.36,-0.9074225746985438,0.5113,0,0,Flip,0.24447920301699266,Moderate,QIB_Dominant
Birla Shloka Edutech Limited,-2.0,-97.08,-0.3549129075816467,0.2966,0,0,Flip,0.3103214111342023,Strong,HNI_Dominant
Infinite Computer Solutions Limited,8.09,187.12,17.162356105059082,0.917,1,1,Hold,0.3130417747337549,Strong,HNI_Dominant
Jubilant Foodworks Limited,11.45,337.97,13.63898329033734,0.7437,1,1,Hold,0.2831637446880755,Strong,QIB_Dominant
Vascon Engineers Limited,3.03,-70.21,-0.2539299007995141,0.4421,0,0,Flip,0.28584574253517403,Strong,HNI_Dominant
Syncom Healthcare Limited,17.33,-94.51,16.19456778566496,0.8948,1,0,Flip,0.28540688181209767,Strong,HNI_Dominant
Thangamayil Jewellery Limited,-6.67,2523.67,2.3069193954807408,0.5233,0,1,Hold,0.2030441808687033,Moderate,RII_Dominant
NTPC Limited,1.49,68.53,-3.283293812416778,0.158,0,1,Hold,0.1379020194554492,Weak,QIB_Dominant
Aqua Logistics Limited,-0.27,-99.38,0.6835764873627431,0.2886,0,0,Flip,0.234289881136331,Moderate,HNI_Dominant
Valor Estates Limited,-8.12,-61.56,-2.833868035613548,0.2356,0,0,Flip,0.20639681640055446,Moderate,QIB_Dominant
Emmbi Industries Limited,1.11,133.44,-1.139941608090983,0.5645,0,1,Hold,0.3678229246461233,Strong,HNI_Dominant
Hathway Cable & Datacom Limited,2.5,-94.02,-0.34822325658342146,0.3836,0,0,Flip,0.28251550981421103,Strong,HNI_Dominant
ARSS Infrastructure Projects Limited,42.22,-87.87,20.95566076838226,0.976,1,0,Flip,0.3301439564736339,Strong,HNI_Dominant
REC Limited,13.3,90.94,14.748309703801292,0.8742,1,1,Hold,0.19318991162270055,Weak,QIB_Dominant
Texmo Pipes and Products Limited,12.78,-36.77,15.846556586589651,0.9251,1,0,Flip,0.33319268818323794,Strong,HNI_Dominant
Man Infraconstruction Limited,32.94,-34.56,31.501029035949482,0.9914,1,0,Flip,0.3153181296720613,Strong,HNI_Dominant
United Bank of India,16.67,-93.21,18.811215494584296,0.933,1,0,Flip,0.24253338536046337,Moderate,QIB_Dominant
DQ Entertainment (International) Limited,68.75,-98.71,55.334984732713785,0.9977,1,0,Flip,0.39831566055121836,Strong,HNI_Dominant
NMDC Limited,-1.43,-76.29,-3.5094734730070276,0.105,0,0,Flip,0.1266958985811696,Weak,QIB_Dominant
IL&FS Transportation Networks Limited,11.24,-98.85,13.53030116552464,0.9547,1,0,Flip,0.23910184261434364,Moderate,QIB_Dominant
Pradip Overseas Limited,9.09,-98.96,11.890293839442151,0.8839,1,0,Flip,0.3038265675817984,Strong,HNI_Dominant
Persistent Systems Limited,29.03,1582.37,36.691437059275614,1.0,1,1,Hold,0.3205546880693295,Strong,QIB_Dominant
Shree Ganesh Jewellery House (I) Limited,-0.44,-99.68,-1.5698224905208815,0.2016,0,0,Flip,0.27366151546314366,Moderate,HNI_Dominant
Intrasoft Technologies Limited,-3.45,-33.62,2.3936212387707934,0.388,0,0,Flip,0.23839798378873361,Moderate,QIB_Dominant
Goenka Diamond & Jewellery Limited,-3.7,-99.39,-0.16349044258913564,0.2707,0,0,Flip,0.2737736390309365,Moderate,HNI_Dominant
Talwalkars Better Value Fitness Limited,7.81,-98.87,10.744713815259614,0.7931,1,0,Flip,0.2827638610056339,Strong,HNI_Dominant
Satchmo Holdings Limited,-7.41,-92.96,-2.325827387468327,0.2453,0,0,Flip,0.18585433980676347,Weak,QIB_Dominant
Tarapur Transformers Limited,0.0,-67.01,0.5757281681331681,0.3762,0,0,Flip,0.256608639818279,Moderate,HNI_Dominant
GB Global Limited,2.08,-92.46,2.194464505278832,0.7905,0,0,Flip,0.24644190468681004,Moderate,HNI_Dominant
SJVN Limited,7.69,276.35,3.9474687797610652,0.7015,0,1,Hold,0.1616242906631949,Weak,QIB_Dominant
Jaypee Infratech Limited,-8.82,-98.75,-0.10549196342276704,0.3439,0,0,Flip,0.1676438983274534,Weak,QIB_Dominant
Standard Chartered (India) Limited,0.96,-65.19,0.7345399877743373,0.5224,0,0,Flip,0.18356587467169388,Weak,QIB_Dominant
Parabolic Drugs Limited,1.33,-92.4,0.0403501112539701,0.4788,0,0,Flip,0.21346838187180445,Moderate,QIB_Dominant
Technofab Engineers Limited,10.42,-97.15,13.693365911676194,0.9329,1,0,Flip,0.32854366402596186,Strong,HNI_Dominant
Hindustan Media Ventures Limited,2.41,-48.18,3.2992920701965884,0.6971,0,0,Flip,0.1979957844796716,Moderate,QIB_Dominant
Shri Aster Silicates Limited,8.22,-98.92,5.363361591713236,0.7214,0,0,Flip,0.2544352868074728,Moderate,HNI_Dominant
Midfield Industries Limited,19.85,-90.94,21.81800250256329,0.9469,1,0,Flip,0.3186175537488771,Strong,HNI_Dominant
Engineers India Limited,8.62,-30.72,7.814613088104954,0.7531,0,0,Flip,0.18270120038338206,Weak,QIB_Dominant
Bharat Financial Inclusion Limited,5.18,-8.81,8.921180294884957,0.8254,0,0,Flip,0.20994455064111398,Moderate,QIB_Dominant
Bajaj Consumer Care Limited,10.61,-65.43,9.691943753853412,0.7937,0,0,Flip,0.29328560935607306,Strong,HNI_Dominant
Prakash Steelage Limited,7.77,-94.78,6.791070163537389,0.7705,0,0,Flip,0.24391433148236305,Moderate,HNI_Dominant
Gujarat Pipavav Port Limited,22.28,241.3,19.34551990021197,0.8983,1,1,Hold,0.34482006360404405,Strong,HNI_Dominant
Indosolar Limited,2.59,1203.1,0.6995111727003865,0.5442,0,1,Hold,0.16652708429327834,Weak,RII_Dominant
Tirupati Inks Limited,25.47,-96.3,17.769188382846608,0.9149,1,0,Flip,0.2613884524361329,Moderate,HNI_Dominant
Sastasundar Ventures Ltd,14.49,144.07,13.215041295188234,0.8769,1,1,Hold,0.2791891614050779,Moderate,HNI_Dominant
CP Capital Ltd,48.71,-47.52,30.56289582589142,0.9911,1,0,Flip,0.3021982704891474,Strong,HNI_Dominant
Eros International Media Ltd,21.91,-95.49,14.36077072132864,0.7846,1,0,Flip,0.2950017281480416,Strong,HNI_Dominant
ESL Steel Ltd,12.27,182.27,8.370656210265295,0.8197,0,1,Hold,0.3027851955091003,Strong,HNI_Dominant
Ramky Infrastructure Ltd,0.0,23.56,-1.7168463485419283,0.1439,0,1,Hold,0.17528580164203356,Weak,QIB_Dominant
Orient Green Power Company Ltd,-2.77,-71.81,-1.931737932037854,0.2607,0,0,Flip,0.18573413523060367,Weak,QIB_Dominant
Cantabil Retail India Ltd,-0.89,83.85,-1.150774887773793,0.2079,0,1,Hold,0.2164138999744067,Moderate,HNI_Dominant
Tecpro Systems Ltd,12.51,-98.72,11.327639051670314,0.7583,1,0,Flip,0.2928151376075452,Strong,HNI_Dominant
Va Tech Wabag Ltd,26.34,16.18,15.769141963433363,0.8068,1,0,Flip,0.3047639297779761,Strong,HNI_Dominant
Bedmutha Industries Ltd,12.16,37.45,14.724372597108088,0.9551,1,1,Hold,0.3068939778106088,Strong,HNI_Dominant
Sea TV Network Ltd,20.0,-95.06,17.613999442367923,0.9258,1,0,Flip,0.34637208290848764,Strong,HNI_Dominant
Ashoka Buildcon Ltd,2.95,-42.84,8.225049263452293,0.8585,0,0,Flip,0.22178439676827244,Moderate,QIB_Dominant
Jupiter Wagons Ltd,-3.31,159.21,-2.8476320604157075,0.2124,0,1,Hold,0.18271987441656334,Weak,QIB_Dominant
Oberoi Realty Ltd,7.69,518.23,11.501393401332201,0.8228,1,1,Hold,0.1773437669987733,Weak,QIB_Dominant
BS Ltd,1.21,-99.87,0.133879074087445,0.4832,0,0,Flip,0.2596139437379368,Moderate,HNI_Dominant
Prestige Estates Projects Ltd,3.83,790.25,-0.000253165927557798,0.442,0,1,Hold,0.1586333727305439,Weak,QIB_Dominant
Shah Metacorp Ltd,7.89,-94.97,14.986365101163322,0.9425,1,0,Flip,0.32453850446627786,Strong,HNI_Dominant
Coal India Ltd,17.45,57.14,13.125204509570233,0.7987,1,1,Hold,0.20095641842542977,Moderate,HNI_Dominant
Gravita India Ltd,75.0,1326.92,65.14262349925296,0.935,1,1,Hold,0.3808534938892964,Strong,HNI_Dominant
Power Grid Corporation of India Ltd,5.56,217.5,16.06259889567798,0.9885,1,1,Hold,0.22100003642064506,Moderate,QIB_Dominant
RPP Infra Projects Ltd,0.0,55.07,0.4331043099576,0.3269,0,1,Hold,0.23741427604571252,Moderate,HNI_Dominant
MOIL Ltd,46.93,-14.19,42.695106589488454,0.9977,1,0,Flip,0.2933738923645135,Strong,HNI_Dominant
Shipping Corporation of India Ltd,-2.21,47.54,0.18173164912075074,0.1917,0,1,Hold,0.144783865435275,Weak,RII_Dominant
Claris Lifescience Ltd,-1.58,73.93,-0.7273492992279849,0.2878,0,1,Hold,0.19284485505157353,Weak,HNI_Dominant
A2Z Infra Engineering Ltd,-2.5,-95.02,-0.4953395616518912,0.2355,0,0,Flip,0.2713004864362331,Moderate,HNI_Dominant
Ravikumar Distilleries Ltd,0.0,-55.36,-0.3578800100763609,0.3856,0,0,Flip,0.2768785094428126,Moderate,HNI_Dominant
Punjab & Sind Bank,21.75,-76.53,28.505748408969062,0.9748,1,0,Flip,0.2608693594435157,Moderate,HNI_Dominant
C Mahendra Exports Ltd,0.91,-98.37,3.4567095491719466,0.5051,0,0,Flip,0.18196477965382912,Weak,RII_Dominant
Midvalley Entertainment & Hospitality Ltd,4.29,-99.5,4.666716366476945,0.5102,0,0,Flip,0.17131297502909046,Weak,RII_Dominant
Tata Steel Ltd,3.3,-73.68,2.3736740394439346,0.6425,0,0,Flip,0.19216330554917296,Weak,QIB_Dominant
Omkar Speciality Chemicals Ltd,-3.06,-92.11,7.085914495514747,0.5436,0,0,Flip,0.17059279286484216,Weak,RII_Dominant
AcroPetal Technologies Ltd,44.44,-98.14,-0.0010983706867980848,0.4336,0,0,Flip,0.21186861617068423,Moderate,HNI_Dominant
Sudar Industries Ltd,-3.9,-98.68,0.8326784679221284,0.4168,0,0,Flip,0.25749704075974317,Moderate,HNI_Dominant
Fineotex Chemical Ltd,14.29,232.14,10.102638189041814,0.8848,1,1,Hold,0.12113750876362736,Weak,RII_Dominant
Lovable Lingerie Ltd,27.56,-55.17,13.659345165194233,0.8133,1,0,Flip,0.31265096184421864,Strong,HNI_Dominant
PTC India Financial Services Ltd,0.0,39.11,-1.2029380538692462,0.4022,0,1,Hold,0.15978716729925307,Weak,QIB_Dominant
Shilpi Cable Technologies Ltd,13.55,-98.41,4.8271402649894775,0.4976,0,0,Flip,0.21692564046720098,Moderate,HNI_Dominant
Muthoot Finance Ltd,2.86,1356.29,11.46367547707256,0.7388,1,1,Hold,0.26807442104525686,Moderate,HNI_Dominant
Paramount Printpac Ltd,0.0,-97.66,4.550233435505198,0.433,0,0,Flip,0.15789519273009683,Weak,RII_Dominant
Future Consumer Ltd,-5.0,-95.5,-0.050708605783632094,0.5584,0,0,Flip,0.344799201585472,Strong,HNI_Dominant
Servalakshmi Paper Ltd,3.45,-95.41,0.675229194441306,0.5545,0,0,Flip,0.26437145019957065,Moderate,HNI_Dominant
Innoventive Industries Ltd,-5.98,-96.41,1.0809759779692494,0.4321,0,0,Flip,0.19969377897817164,Moderate,HNI_Dominant
BF Industrial & Technologies Ltd,0.0,-80.59,2.0141250981260983,0.4283,0,0,Flip,0.18352537037485617,Weak,RII_Dominant
Dr. Datsons Labs Ltd,-1.94,-97.31,1.1780741147301546,0.4566,0,0,Flip,0.22469152555989014,Moderate,HNI_Dominant
Power Finance Corporation Ltd,-2.66,106.53,0.4142955432563307,0.2219,0,1,Hold,0.13544173611260119,Weak,QIB_Dominant
VMS Industries Ltd,9.88,-12.5,7.462200333992907,0.8426,0,0,Flip,0.15800875643476564,Weak,RII_Dominant
Timbor Home Ltd,14.29,-96.49,12.024690195705816,0.7729,1,0,Flip,0.15589828004949452,Weak,RII_Dominant
Birla Pacific Medspa Ltd,1.0,-97.2,1.3980685441699376,0.7899,0,0,Flip,0.15144909609901472,Weak,RII_Dominant
Rushil Decor Ltd,12.85,-68.26,8.381096879932194,0.7893,0,0,Flip,0.14154673373111573,Weak,RII_Dominant
Kridhan Infra Ltd,6.48,-96.3,6.499653775110868,0.8855,0,0,Flip,0.15499936346884022,Weak,RII_Dominant
Bharatiya Global Infomedia Ltd,2.44,-96.17,4.596861086016171,0.7649,0,0,Flip,0.15479964558137035,Weak,RII_Dominant
Inventure Growth & Securities Ltd,1.71,-98.7,1.7464858531486123,0.7004,0,0,Flip,0.21360315628373233,Moderate,HNI_Dominant
L&T Finance Holdings Ltd,-1.92,280.0,2.205998815364198,0.3506,0,1,Hold,0.1431058084174873,Weak,RII_Dominant
Tree House Education & Accessories Ltd,-1.63,-95.04,0.49854868456438867,0.2905,0,0,Flip,0.17051722620388443,Weak,RII_Dominant
Brooks Laboratories Ltd,10.0,53.35,1.7580985317347078,0.5863,0,1,Hold,0.19534199948002623,Moderate,RII_Dominant
TD Power Systems Ltd,-1.72,93.5,-0.0319438542940869,0.2222,0,1,Hold,0.19461399198460005,Weak,QIB_Dominant
SRS Ltd,-5.17,-99.67,-0.620704577525194,0.2839,0,0,Flip,0.3282443296349627,Strong,HNI_Dominant
PG Electroplast Ltd,-4.76,147.05,0.59691067174929,0.3745,0,1,Hold,0.2001494089963761,Moderate,HNI_Dominant
Setubandhan Infrastructure Ltd,5.07,-99.49,2.3043494619941045,0.6394,0,0,Flip,0.17649326651286987,Weak,RII_Dominant
RDB Rasayans Ltd,7.59,113.92,6.574202402612075,0.9028,0,1,Hold,0.13724677621952042,Weak,RII_Dominant
Onelife Capital Advisors Ltd,4.55,-87.55,0.6280143496909464,0.6257,0,0,Flip,0.1739606933931186,Weak,RII_Dominant
Taksheel Solutions Ltd,4.93,-97.83,1.8028978856719686,0.572,0,0,Flip,0.18690144805997405,Weak,RII_Dominant
Flexituff Ventures International Ltd,0.0,-85.29,0.5322644240976803,0.4482,0,0,Flip,0.2212516758254173,Moderate,HNI_Dominant
Ujaas Energy Ltd,-3.23,89.62,-0.700459944832198,0.3012,0,1,Hold,0.1806516401857512,Weak,RII_Dominant
Vaswani Industries Ltd,-31.73,7.86,-2.5994590431733915,0.3979,0,1,Hold,0.25305397048349476,Moderate,HNI_Dominant
Indo Thai Securities Ltd,1.35,129.86,4.862513719876591,0.8638,0,1,Hold,0.11426063107841891,Weak,RII_Dominant
Multi Commodity Exchange of India Ltd,34.4,684.91,31.81514318537376,0.9787,1,1,Hold,0.3137388477247698,Strong,HNI_Dominant
Olympic Cards Ltd,-0.17,-90.0,0.0052368519952734295,0.3001,0,0,Flip,0.2969502335152481,Strong,HNI_Dominant
NBCC (India) Ltd,-5.66,1.89,-0.43143689096794063,0.3021,0,1,Hold,0.18274528626399292,Weak,QIB_Dominant
MT Educare Ltd,7.56,-97.2,3.2809250032778072,0.7494,0,0,Flip,0.245742908585259,Moderate,HNI_Dominant
Tribhovandas Bhimji Zaveri Ltd,-4.17,60.38,-0.3314865695770375,0.331,0,1,Hold,0.22588972419919903,Moderate,HNI_Dominant
Speciality Restaurants Ltd,2.0,-17.27,0.561484833296734,0.3479,0,0,Flip,0.21889794218830955,Moderate,QIB_Dominant
VKS Projects Ltd,1.45,-99.93,-0.313124980896427,0.5774,0,0,Flip,0.17661185671088742,Weak,QIB_Dominant
Tara Jewels Ltd,5.22,-99.67,-0.564753971360297,0.3953,0,0,Flip,0.2069303692883877,Moderate,HNI_Dominant
CARE Ratings Ltd,26.53,118.48,22.249930584171988,0.9065,1,1,Hold,0.3090287625893787,Strong,HNI_Dominant
PC Jeweller Ltd,0.37,-90.01,3.9087117119536803,0.819,0,0,Flip,0.2654042604461312,Moderate,HNI_Dominant
Indus Towers Ltd,-9.09,53.68,-4.381336631712545,0.0767,0,1,Hold,0.15436359634400315,Weak,QIB_Dominant
V-Mart Retail Ltd,2.86,258.88,-2.0563890971982413,0.39,0,1,Hold,0.21661034987431313,Moderate,QIB_Dominant
Repco Home Finance Ltd,-4.07,125.9,-4.4258502816431395,0.0968,0,1,Hold,0.1869906719165369,Weak,QIB_Dominant
Just Dial Ltd,11.32,56.05,7.917242224512542,0.7411,0,1,Hold,0.22173426177735409,Moderate,HNI_Dominant
Power Grid Corporation of India Ltd,7.89,217.5,16.36740572847968,0.9936,1,1,Hold,0.22100003642064506,Moderate,QIB_Dominant
Engineers India Ltd,-0.07,34.0,7.372216176785586,0.5223,0,1,Hold,0.19197485446247978,Weak,QIB_Dominant
Wonderla Holidays Ltd,31.8,371.88,20.60103668821325,0.8922,1,1,Hold,0.3685218290367557,Strong,HNI_Dominant
Snowman Logistics Ltd,59.57,14.11,50.71050996699208,0.9641,1,0,Flip,0.358300476514486,Strong,HNI_Dominant
Sharda Cropchem Ltd,62.88,524.13,30.286372759573364,0.9052,1,1,Hold,0.3874833145396089,Strong,HNI_Dominant
Shemaroo Entertainment Ltd,5.88,-31.76,0.5097059935806962,0.4435,0,0,Flip,0.19956631795331625,Moderate,HNI_Dominant
Monte Carlo Fashions Ltd,-9.3,-14.79,-1.2397550705689222,0.3228,0,0,Flip,0.17582604838177732,Weak,QIB_Dominant
Ortel Communications Ltd,0.0,-99.22,2.6836078254392715,0.3123,0,0,Flip,0.16093359993497003,Weak,QIB_Dominant
Imagicaaworld Entertainment Ltd,-6.69,-66.32,-2.2505456858862747,0.2132,0,0,Flip,0.1591135738333572,Weak,RII_Dominant
Inox Wind Ltd,23.08,-56.91,13.42848235844168,0.6583,1,0,Flip,0.26540393140747964,Moderate,QIB_Dominant
VRL Logistics Ltd,40.49,180.49,28.01412428412748,0.9901,1,1,Hold,0.36794958610857004,Strong,HNI_Dominant
MEP Infrastructure Developers Ltd,0.0,-97.38,0.2128107881156801,0.2396,0,0,Flip,0.19489781448394372,Moderate,HNI_Dominant
UFO Moviez India Ltd,-4.0,-87.61,-3.289109733733272,0.1411,0,0,Flip,0.19730103331511084,Moderate,QIB_Dominant
PNC Infratech Ltd,0.79,-19.75,0.4169682657823963,0.1738,0,0,Flip,0.21910852073229076,Moderate,QIB_Dominant
Manpasand Beverages Ltd,-9.06,-98.08,-4.436734557799581,0.0941,0,0,Flip,0.1571238178888501,Weak,QIB_Dominant
Syngene International Ltd,18.0,157.98,17.342391032520723,0.836,1,1,Hold,0.3217067715197186,Strong,HNI_Dominant
Power Mech Projects Ltd,-6.25,386.41,10.935202093918825,0.522,0,1,Hold,0.34042759188435734,Strong,HNI_Dominant
Navkar Corporation Ltd,-1.94,-22.9,0.09616591023981771,0.1924,0,0,Flip,0.18750334987630055,Weak,QIB_Dominant
Shree Pushkar Chemicals Ltd,-7.69,514.23,1.0914584966038487,0.5839,0,1,Hold,0.21721543924454356,Moderate,HNI_Dominant
Pennar Engineered Building Systems Ltd,-15.73,-64.13,-5.167506918226088,0.1677,0,0,Flip,0.23939560285191167,Moderate,QIB_Dominant
Sadbhav Infrastructure Project Ltd,7.52,-96.5,0.6945387600811488,0.3988,0,0,Flip,0.1765943324464858,Weak,QIB_Dominant
Madhyam Agrivet Industries Ltd,0.0,-13.26,1.1613085631410098,0.3584,0,0,Flip,0.22799518076280062,Moderate,HNI_Dominant
Coffee Day Enterprises Ltd,-4.57,-89.08,2.0941754693507053,0.3735,0,0,Flip,0.19089105617094462,Weak,QIB_Dominant
Interglobe Aviation Ltd,11.9,672.55,11.572256323052779,0.8782,1,1,Hold,0.20662900932094702,Moderate,QIB_Dominant
S H Kelkar & Company Ltd,23.33,30.03,5.021232706216377,0.3322,0,1,Hold,0.21581170188796417,Moderate,QIB_Dominant
Alkem Laboratories Ltd,31.43,371.18,34.32150434380888,0.9349,1,1,Hold,0.31745342840876944,Strong,HNI_Dominant
Dr Lal Pathlabs Ltd,30.36,489.98,19.8853785610119,0.7792,1,1,Hold,0.28410816380174664,Strong,QIB_Dominant
Narayana Hrudayalaya Ltd,16.4,618.78,9.280428149323647,0.7942,0,1,Hold,0.22027686118581333,Moderate,QIB_Dominant
Precision Camshafts Ltd,-12.31,-6.4,-2.9039526816790993,0.1675,0,1,Hold,0.1593371091521285,Weak,QIB_Dominant
Team Lease Services Ltd,1.18,103.53,20.256487287337084,0.8836,1,1,Hold,0.31895491014821237,Strong,HNI_Dominant
Quick Heal Technologies Ltd,-5.0,-10.45,5.7795678171808245,0.4218,0,0,Flip,0.2857806867356005,Strong,HNI_Dominant
Healthcare Global Enterprises Ltd,-3.76,202.29,-2.7262079451823134,0.0953,0,1,Hold,0.15659273166683466,Weak,QIB_Dominant
Bharat Wire Ropes Ltd,5.22,285.11,2.208453832197465,0.6736,0,1,Hold,0.22158281281076828,Moderate,RII_Dominant
Infibeam Avenues Ltd,6.02,-96.51,0.7587610952000077,0.4606,0,0,Flip,0.21417186163941843,Moderate,HNI_Dominant
Equitas Holdings Ltd,30.91,9.0,17.463640823617634,0.7646,1,0,Flip,0.2857740447089274,Strong,HNI_Dominant
Thyrocare Technologies Ltd,48.43,202.02,33.904337601606336,0.9897,1,1,Hold,0.3588795185894166,Strong,HNI_Dominant
Ujjivan Financial Services Ltd,8.1,181.12,14.969868651159624,0.7681,1,1,Hold,0.322358364882613,Strong,HNI_Dominant
Parag Milk Foods Ltd,0.33,2.84,-0.5643228478905316,0.4017,0,1,Hold,0.18685942245713727,Weak,HNI_Dominant
Mahanagar Gas Ltd,28.27,222.09,26.88760629768524,0.9896,1,1,Hold,0.3385061993085594,Strong,HNI_Dominant
Quess Corp Ltd,57.41,-12.78,52.593945311342,0.9952,1,0,Flip,0.3988478548197362,Strong,HNI_Dominant
LTIMindtree Ltd,-6.11,618.08,3.3802264952034666,0.4341,0,1,Hold,0.19560991861223104,Moderate,QIB_Dominant
Advanced Enzyme Technologies Ltd,35.04,-66.29,50.62522752581551,0.9968,1,0,Flip,0.4160230818656195,Strong,HNI_Dominant
Dilip Buildcon Ltd,9.59,116.76,12.951132653384597,0.82,1,1,Hold,0.31535750325646006,Strong,HNI_Dominant
S P Apparels Ltd,13.81,203.88,5.506131221444539,0.5339,0,1,Hold,0.18721444602455029,Weak,QIB_Dominant
RBL Bank Ltd,21.64,14.8,28.182908487250025,0.9933,1,0,Flip,0.3392274113385563,Strong,HNI_Dominant
L&T Technology Services Ltd,4.65,386.41,-3.4533239167131695,0.1521,0,1,Hold,0.17468563607025883,Weak,QIB_Dominant
GNA Axles Ltd,20.05,46.62,29.907907585051003,0.9331,1,1,Hold,0.37608776963996227,Strong,HNI_Dominant
ICICI Prudential Life Insurance Company Ltd,-1.5,83.91,4.880167287146188,0.3802,0,1,Hold,0.2434189612208424,Moderate,HNI_Dominant
HPL Electric & Power Ltd,-5.92,189.85,1.4538267669963068,0.3625,0,1,Hold,0.26533488237319774,Moderate,HNI_Dominant
Endurance Technologies Ltd,20.76,436.65,23.325859500034152,0.8628,1,1,Hold,0.3148557424344044,Strong,HNI_Dominant
PNB Housing Finance Ltd,11.35,-0.77,15.010859641323327,0.6604,1,0,Flip,0.2886543910988214,Strong,HNI_Dominant
Varun Beverages Ltd,-3.37,15.3,-2.5295508433225447,0.1122,0,1,Hold,0.188013219034704,Weak,QIB_Dominant
Sheela Foam Ltd,17.81,-8.97,10.609544405154601,0.7452,1,0,Flip,0.2333830597125965,Moderate,QIB_Dominant
Laurus Labs Ltd,14.49,92.03,4.7335938998834095,0.5754,0,1,Hold,0.20379468731064468,Moderate,QIB_Dominant
BSE Ltd (Bombay Stock Exchange),34.62,,27.61563970529122,0.9682,1,0,Flip,0.32179849117392434,Strong,HNI_Dominant
Music Broadcast Ltd,26.13,-97.5,18.742207288304787,0.8036,1,0,Flip,0.3062771547631452,Strong,HNI_Dominant
Avenue Supermarts Ltd (DMart),102.14,1318.01,65.13191211999897,0.9968,1,1,Hold,0.36714415543621826,Strong,HNI_Dominant
CL Educate Ltd,-20.72,-78.78,-7.252011165751079,0.1336,0,0,Flip,0.1747645768126233,Weak,QIB_Dominant
Shankara Building Products Ltd,18.48,139.24,18.8351653338018,0.8264,1,1,Hold,0.2921984798593736,Strong,HNI_Dominant
S Chand & Company Ltd,5.52,-72.22,19.614782548397976,0.9553,1,0,Flip,0.347490132468991,Strong,HNI_Dominant
IRB InvIT Fund,1.23,-38.04,1.6663771992395229,0.8559,0,0,Flip,0.15069650152774944,Weak,QIB_Dominant
Housing & Urban Development Corporation Ltd,22.42,252.42,36.987573055503596,0.9788,1,1,Hold,0.39459629444100286,Strong,HNI_Dominant
PSP Projects Ltd,-5.24,217.14,-1.7082959845671555,0.2828,0,1,Hold,0.20468654014285295,Moderate,HNI_Dominant
IndiGrid Infrastructure Fund,0.0,57.89,-0.18704551255398935,0.2587,0,1,Hold,0.16385734765203713,Weak,HNI_Dominant
Tejas Networks Ltd,0.0,117.57,-1.4192453038013602,0.1842,0,1,Hold,0.13126123995638375,Weak,RII_Dominant
ERIS Lifesciences Ltd,1.49,179.0,-3.681645073415076,0.2146,0,1,Hold,0.1300883390079017,Weak,QIB_Dominant
Central Depository Services Ltd,67.79,,68.52613851104097,1.0,1,0,Flip,0.4687148629260079,Strong,HNI_Dominant
GTPL Hathway Ltd,0.0,-30.65,-0.5379219367537412,0.1895,0,0,Flip,0.21769513230376808,Moderate,HNI_Dominant
AU Small Finance Bank Ltd,46.65,104.86,40.3666091693044,0.9841,1,1,Hold,0.31633103472693963,Strong,HNI_Dominant
Salasar Techno Engineering Ltd,139.95,-93.47,42.84117071746709,0.8302,1,0,Flip,0.14173860599557286,Weak,RII_Dominant
SIS Ltd,7.36,-54.85,7.174396166686909,0.5553,0,0,Flip,0.11411774701080293,Weak,RII_Dominant
Cochin Shipyard Ltd,0.69,283.09,28.733200910437045,0.9747,1,1,Hold,0.3759131516510771,Strong,HNI_Dominant
Apex Frozen Foods Ltd,14.23,33.4,4.770432792284379,0.6315,0,1,Hold,0.1809594260833728,Weak,RII_Dominant
Dixon Technologies (India) Ltd,54.3,801.7,53.04476727981601,0.9977,1,1,Hold,0.4023339577451715,Strong,HNI_Dominant
Bharat Road Network Ltd,-0.05,-91.02,0.9009580495791285,0.2731,0,0,Flip,0.13913656022686155,Weak,RII_Dominant
Matrimony.com Ltd,0.0,-48.16,7.499897225301502,0.3142,0,0,Flip,0.08643187984213249,Weak,RII_Dominant
Capacit'e Infraprojects Ltd,59.6,16.4,68.7419555682852,0.9964,1,0,Flip,0.48979664171861664,Strong,HNI_Dominant
ICICI Lombard General Insurance Company Ltd,-1.66,187.07,-1.0696592472641635,0.2084,0,1,Hold,0.17189576193877262,Weak,QIB_Dominant
SBI Life Insurance Company Ltd,4.76,163.31,4.5924749209296145,0.7131,0,1,Hold,0.19157770845105837,Weak,QIB_Dominant
Prataap Snacks Ltd,33.26,-3.58,26.145040934873528,0.9799,1,0,Flip,0.30722986825418125,Strong,HNI_Dominant
Godrej Agrovet Ltd,35.0,72.8,40.66775315963767,0.9956,1,1,Hold,0.3622361116093516,Strong,HNI_Dominant
MAS Financial Services Ltd,43.79,-34.24,51.967788568939696,1.0,1,0,Flip,0.418289359444854,Strong,HNI_Dominant
Indian Energy Exchange Ltd,-9.09,-91.65,-4.8279363105613555,0.1575,0,0,Flip,0.1370967517459848,Weak,RII_Dominant
General Insurance Corporation of India Ltd,-6.8,-56.56,-4.833292546396489,0.0871,0,0,Flip,0.11523271979458599,Weak,QIB_Dominant
Nippon Life India Asset Management Ltd,16.67,219.84,35.374586199814175,0.9956,1,1,Hold,0.34339358300183015,Strong,HNI_Dominant
Mahindra Logistics Ltd,0.7,-23.89,-0.20323570492576806,0.5556,0,0,Flip,0.17359525682627705,Weak,QIB_Dominant
New India Assurance Company Ltd,-6.39,-76.58,-5.000184764696976,0.1399,0,0,Flip,0.12943003430530464,Weak,QIB_Dominant
Khadim India Ltd,-3.07,-65.1,-4.932465290897245,0.1035,0,0,Flip,0.13683130206503588,Weak,QIB_Dominant
HDFC Life Insurance Company Ltd,7.24,162.57,9.172830985699362,0.8251,0,1,Hold,0.20182557062078266,Moderate,QIB_Dominant
Shalby Ltd,-4.44,-17.68,-3.0567606624836,0.14,0,0,Flip,0.1519012510730996,Weak,QIB_Dominant
Future Supply Chain Solutions Ltd,1.51,-99.64,1.5429843845282736,0.5785,0,0,Flip,0.2265056745213972,Moderate,QIB_Dominant
Astron Paper & Board Mill Ltd,128.0,-70.5,103.38702835344984,0.9899,1,0,Flip,0.4765579439529194,Strong,HNI_Dominant
Apollo Micro Systems Ltd,73.82,-32.62,88.69220945240632,0.9919,1,0,Flip,0.5798649302419884,Strong,HNI_Dominant
Newgen Software Technologies Ltd,3.27,254.45,0.5626858168847458,0.5397,0,1,Hold,0.20156713691594566,Moderate,QIB_Dominant
Amber Enterprises India Ltd,37.37,698.04,59.17771402344374,0.9941,1,1,Hold,0.46054110403491616,Strong,HNI_Dominant
Galaxy Surfactants Ltd,2.7,61.15,10.57633548935283,0.8693,1,1,Hold,0.21904393794049473,Moderate,QIB_Dominant
Aster DM Healthcare Ltd,-4.16,210.18,-3.5736066661005332,0.0931,0,1,Hold,0.15763600342703438,Weak,QIB_Dominant
H.G. Infra Engineering Ltd,0.0,268.52,0.9589470239338391,0.1999,0,1,Hold,0.2054387442211208,Moderate,QIB_Dominant
Bharat Dynamics Ltd,-15.89,244.86,-6.180701340702322,0.0809,0,1,Hold,0.1389125698560267,Weak,QIB_Dominant
Bandhan Bank Ltd,29.33,-55.41,18.1412643539664,0.8281,1,0,Flip,0.21974735511597876,Moderate,QIB_Dominant
Hindustan Aeronautics Ltd (HAL),-3.79,256.79,-5.086480186880451,0.1313,0,1,Hold,0.1273500539306542,Weak,QIB_Dominant
Sandhar Technologies Ltd,3.92,27.21,2.516044429634956,0.6483,0,1,Hold,0.23349958894189968,Moderate,QIB_Dominant
Dharan Infra EPC Ltd,-24.44,-99.74,-4.692313048649037,0.2229,0,0,Flip,0.20607240473430233,Moderate,HNI_Dominant
Mishra Dhatu Nigam Ltd (MIDHANI),-3.33,333.22,-1.2647182921264823,0.2104,0,1,Hold,0.15696073462491186,Weak,QIB_Dominant
ICICI Securities Ltd,-17.1,72.25,-5.753362232558147,0.2003,0,1,Hold,0.1295877863876453,Weak,QIB_Dominant
Lemon Tree Hotels Ltd,10.0,159.82,2.2533787227285282,0.503,0,1,Hold,0.2066720532712666,Moderate,QIB_Dominant
Indostar Capital Finance Ltd,4.9,-51.89,5.1755231913302175,0.7726,0,0,Flip,0.21618407412153307,Moderate,QIB_Dominant
Rites Ltd,2.7,35.86,30.187685530613344,0.9873,1,1,Hold,0.34598840321854274,Strong,HNI_Dominant
Fine Organic Industries Ltd,4.09,517.93,5.832475751667588,0.5928,0,1,Hold,0.2660022802969876,Moderate,HNI_Dominant
Varroc Engineering Ltd,6.72,-46.23,5.785413250715069,0.6425,0,0,Flip,0.20188452990441333,Moderate,QIB_Dominant
TCNS Clothing Co. Ltd,-0.14,-18.45,2.811557575482555,0.3752,0,0,Flip,0.2265083529810803,Moderate,QIB_Dominant
HDFC Asset Management Company Ltd,58.09,399.13,63.979996656685415,0.9977,1,1,Hold,0.3562913182130437,Strong,HNI_Dominant
CreditAccess Grameen Ltd,-8.77,203.55,-2.1203110563943564,0.1319,0,1,Hold,0.193040938819356,Weak,QIB_Dominant
Ircon International Ltd,-13.62,-64.79,-1.6449192714734913,0.2114,0,0,Flip,0.16734756468636283,Weak,QIB_Dominant
AAVAS Financiers Ltd,-7.67,108.69,-4.637398514538859,0.0807,0,1,Hold,0.1921973544344887,Weak,QIB_Dominant
Garden Reach Shipbuilders & Engineers Ltd,-11.86,2031.99,-4.127484410929444,0.1357,0,1,Hold,0.1781124505753881,Weak,QIB_Dominant
Xelpmoc Design and Technologies Ltd,-15.15,38.98,-3.9912737038805246,0.3184,0,1,Hold,0.26458626590677903,Moderate,HNI_Dominant
Chalet Hotels Ltd,3.93,214.0,3.136795547028013,0.3955,0,1,Hold,0.21984275374608686,Moderate,QIB_Dominant
MSTC Ltd,-7.5,292.42,2.6614191932592286,0.5453,0,1,Hold,0.2166891998133157,Moderate,RII_Dominant
Embassy Office Parks REIT,0.0,28.33,-1.789207358549905,0.2301,0,1,Hold,0.1551367299591041,Weak,HNI_Dominant
Rail Vikas Nigam Ltd,0.0,1713.42,0.14296260431103697,0.4975,0,1,Hold,0.13301450184725963,Weak,RII_Dominant
Metropolis Healthcare Ltd,9.09,134.18,4.640373271849538,0.5666,0,1,Hold,0.16583163865566286,Weak,QIB_Dominant
Polycab India Ltd,17.66,1135.88,28.157024060715134,0.9947,1,1,Hold,0.30341402799317596,Strong,HNI_Dominant
Neogen Chemicals Ltd,16.74,560.47,14.376269518439658,0.7971,1,1,Hold,0.3165810366304277,Strong,HNI_Dominant
Indiamart Intermesh Ltd,21.27,164.54,10.355716906560783,0.7155,1,1,Hold,0.20883751201738343,Moderate,HNI_Dominant
Affle (India) Ltd,24.82,165.14,25.073036567786325,0.9765,1,1,Hold,0.32347360699593497,Strong,HNI_Dominant
Spandana Sphoorty Financial Ltd,-3.74,-71.0,-2.507192925742466,0.1617,0,0,Flip,0.21445970106508355,Moderate,QIB_Dominant
Sterling and Wilson Solar Ltd,-10.26,-63.85,-4.369884724111619,0.1459,0,0,Flip,0.16287268679012784,Weak,QIB_Dominant
Indian Railway Catering and Tourism Corporation Ltd,101.25,127.08,68.91287827410912,1.0,1,1,Hold,0.4001068223118867,Strong,HNI_Dominant
Vishwaraj Sugar Industries Ltd,2.0,-85.17,0.4194954920809947,0.5212,0,0,Flip,0.2304838967857036,Moderate,HNI_Dominant
CSB Bank Ltd,41.03,111.69,40.14105564723755,0.9887,1,1,Hold,0.3054164746554467,Strong,HNI_Dominant
Ujjivan Small Finance Bank Ltd,56.76,16.95,72.17684545765012,0.9936,1,0,Flip,0.4282623903621873,Strong,HNI_Dominant
Prince Pipes and Fittings Ltd,-10.11,63.68,-3.4728212498258713,0.1181,0,1,Hold,0.17467249011518626,Weak,QIB_Dominant
SBI Cards & Payment Services Ltd,-12.85,5.68,7.158802270839337,0.4359,0,1,Hold,0.24000653783844617,Moderate,QIB_Dominant
Rossari Biotech Ltd,57.65,49.66,32.559695810499264,1.0,1,0,Flip,0.36563383726059756,Strong,HNI_Dominant
Yes Bank Ltd,2.5,56.58,-0.8360290608995737,0.5611,0,1,Hold,0.14995013548263245,Weak,QIB_Dominant
Mindspace Business Parks REIT,10.55,50.93,3.987589265871332,0.4749,0,1,Hold,0.1715671161421607,Weak,QIB_Dominant
Happiest Minds Technologies Ltd,111.45,250.18,79.09603552064115,0.9981,1,1,Hold,0.3807766623891579,Strong,HNI_Dominant
Route Mobile Ltd,102.29,149.96,32.07967140354448,1.0,1,1,Hold,0.34203244256775606,Strong,HNI_Dominant
Chemcon Speciality Chemicals Ltd,114.99,-31.78,75.4751034153028,1.0,1,0,Flip,0.4336400357415588,Strong,HNI_Dominant
Computer Age Management Services Ltd,23.41,208.44,32.85155292201595,0.9815,1,1,Hold,0.29519672955227144,Strong,HNI_Dominant
Angel One Ltd,-10.13,726.0,-4.980936181193925,0.138,0,1,Hold,0.1500155891338873,Weak,QIB_Dominant
Mazagon Dock Shipbuilders Ltd,49.14,1760.9,69.83108869613642,0.9813,1,1,Hold,0.4947857259026691,Strong,HNI_Dominant
UTI Asset Management Company Ltd,-11.51,140.27,-6.535566278206028,0.106,0,1,Hold,0.14026621914735976,Weak,QIB_Dominant
Likhitha Infrastructure Ltd,8.42,111.33,7.470579564386271,0.5868,0,1,Hold,0.2047548349117,Moderate,RII_Dominant
Equitas Small Finance Bank Ltd,-6.06,66.67,-1.767494717875995,0.4318,0,1,Hold,0.1652390963600729,Weak,QIB_Dominant
Gland Pharma Ltd,13.4,28.68,4.750093691547726,0.4384,0,1,Hold,0.18295697701063698,Weak,QIB_Dominant
Restaurant Brands Asia Ltd,92.25,29.95,81.25557605423595,1.0,1,0,Flip,0.38326689909027134,Strong,HNI_Dominant
Mrs Bectors Food Specialities Ltd,73.96,400.42,80.17344241993494,1.0,1,1,Hold,0.4903193193447679,Strong,HNI_Dominant
Antony Waste Handling Cell Ltd,36.51,84.59,8.15998572897759,0.6242,0,1,Hold,0.18763744525285214,Weak,QIB_Dominant
Indian Railway Finance Corporation Limited,-3.85,386.15,0.07690783791374925,0.3203,0,1,Hold,0.1351699113731566,Weak,QIB_Dominant
Indigo Paints Limited,75.0,-25.78,58.68419811926913,0.9933,1,0,Flip,0.3751370376497459,Strong,HNI_Dominant
Home First Finance Company India Limited,18.18,140.59,11.029841074886397,0.7374,1,1,Hold,0.2516804898145447,Moderate,QIB_Dominant
Stove Kraft Limited,21.3,52.64,19.63714363299671,0.69,1,1,Hold,0.21023512163492716,Moderate,HNI_Dominant
Brookfield India Real Estate Trust,0.02,13.99,2.602289859516061,0.7932,0,1,Hold,0.16921257091152575,Weak,HNI_Dominant
Nureca Limited,58.74,-40.49,48.750755680014436,0.8669,1,0,Flip,0.1681861663997053,Weak,RII_Dominant
Railtel Corporation of India Limited,11.28,272.39,13.370332966532205,0.825,1,1,Hold,0.2697381598983495,Moderate,HNI_Dominant
Heranba Industries Limited,43.54,-43.68,35.82506901695271,0.9805,1,0,Flip,0.36818153543645177,Strong,HNI_Dominant
MTAR Technologies Limited,85.03,156.52,79.49312859055982,0.9905,1,1,Hold,0.4945805310153564,Strong,HNI_Dominant
Easy Trip Planners Limited,10.16,-95.05,53.668861170132196,0.9961,1,0,Flip,0.39701228032082975,Strong,HNI_Dominant
Anupam Rasayan India Limited,-3.66,104.56,10.771501638171793,0.5411,0,1,Hold,0.29578053963657014,Strong,HNI_Dominant
Laxmi Organic Industries Limited,20.15,41.15,40.656439064264866,1.0,1,1,Hold,0.36376047876129924,Strong,HNI_Dominant
Craftsman Automation Limited,-9.4,359.39,-0.8238664417446706,0.1566,0,1,Hold,0.17030061706382138,Weak,QIB_Dominant
Kalyan Jewellers India Limited,-15.06,499.25,-0.44672238677492515,0.3636,0,1,Hold,0.1508746466695589,Weak,RII_Dominant
Suryoday Small Finance Bank Limited,-3.93,-59.59,-1.726790731570782,0.217,0,0,Flip,0.14515195028091482,Weak,RII_Dominant
Nazara Technologies Limited,79.02,28.6,76.46083115592572,0.9921,1,0,Flip,0.407633437004644,Strong,HNI_Dominant
Barbeque Nation Hospitality Limited,-1.6,-48.73,4.501437930650353,0.2944,0,0,Flip,0.1411345781089378,Weak,RII_Dominant
Macrotech Developers Limited (Lodha Group),-9.67,151.54,-5.147967295770729,0.1366,0,1,Hold,0.2031659746851008,Moderate,QIB_Dominant
Powergrid Infrastructure Investment Trust,4.0,-8.75,2.1537528046239847,0.7353,0,0,Flip,0.14753470580060296,Weak,HNI_Dominant
Shyam Metalics and Energy Limited,19.93,208.71,43.201824806381204,1.0,1,1,Hold,0.3987130113431892,Strong,HNI_Dominant
Sona BLW Precision Forgings Limited,3.92,53.9,-2.639945539442649,0.2678,0,1,Hold,0.12076019688172684,Weak,QIB_Dominant
Krishna Institute of Medical Sciences Limited,22.29,-11.53,2.8432271384155303,0.3164,0,0,Flip,0.14543896383511926,Weak,QIB_Dominant
Dodla Dairy Limited,23.36,203.5,17.31273943335221,0.961,1,1,Hold,0.2863765609154203,Strong,QIB_Dominant
India Pesticides Limited,21.62,-25.74,12.128053546436021,0.6163,0,0,Flip,0.25662301802919574,Moderate,HNI_Dominant
G R Infraprojects Limited,103.11,48.43,28.88172407240214,0.9877,1,0,Flip,0.3301657226404928,Strong,HNI_Dominant
Clean Science and Technology Limited,98.27,30.54,18.064073430399322,0.9652,1,0,Flip,0.29769159032224324,Strong,HNI_Dominant
Eternal Limited,51.32,302.11,31.376387535304566,0.936,1,1,Hold,0.18384595497618123,Weak,QIB_Dominant
Tatva Chintan Pharma Chem Limited,95.0,-4.32,71.77562335986636,1.0,1,0,Flip,0.4624445582071459,Strong,HNI_Dominant
Alivus Life Sciences Limited,4.32,30.24,9.27152844449278,0.8574,0,1,Hold,0.28968647119180424,Strong,HNI_Dominant
Rolex Rings Limited,38.78,53.29,50.248477874719335,1.0,1,1,Hold,0.40235392824902805,Strong,HNI_Dominant
Krsnaa Diagnostics Limited,7.44,-12.37,19.531980147756954,0.9721,1,0,Flip,0.26248169058686627,Moderate,HNI_Dominant
Exxaro Tiles Limited,5.0,-93.46,25.494335984926753,0.6405,0,0,Flip,0.16083626573865667,Weak,RII_Dominant
Windlas Biotech Limited,-4.57,101.98,4.122361058970753,0.2585,0,1,Hold,0.18682344686547978,Weak,QIB_Dominant
Devyani International Limited,56.67,71.72,53.18873029116135,0.9955,1,1,Hold,0.3177723509654291,Strong,HNI_Dominant
CarTrade Tech Limited,-1.11,41.0,8.680136988619973,0.571,0,1,Hold,0.2515101175446277,Moderate,HNI_Dominant
Nuvoco Vistas Corporation Limited,-17.37,-20.92,-6.218411412312887,0.0852,0,0,Flip,0.16803830734005692,Weak,QIB_Dominant
Chemplast Sanmar Limited,-2.96,-24.37,-5.107572514504171,0.0993,0,0,Flip,0.1278865867830919,Weak,QIB_Dominant
Aptus Value Housing Finance India Limited,-6.53,-4.63,7.3373637530763895,0.378,0,1,Hold,0.25219413946642294,Moderate,HNI_Dominant
Acutaas Chemicals Limited,47.87,113.23,35.58829379207536,0.9968,1,1,Hold,0.32597575454637767,Strong,HNI_Dominant
Vijaya Diagnostic Centre Limited,2.13,98.78,3.042178401871472,0.6817,0,1,Hold,0.19605800118449646,Moderate,QIB_Dominant
Sansera Engineering Limited,9.05,71.73,6.581702574817523,0.7357,0,1,Hold,0.09552267307977914,Weak,RII_Dominant
Paras Defence and Space Technologies Limited,171.43,272.6,124.1980795761183,1.0,1,1,Hold,0.6026132540354451,Strong,HNI_Dominant
Aditya Birla Sun Life AMC Limited,0.0,19.09,1.6304411519566715,0.3117,0,1,Hold,0.1830473287077073,Weak,QIB_Dominant
FSN E Commerce Ventures Limited (Nykaa),77.87,-81.96,70.00659417273647,0.9945,1,0,Flip,0.2551272939886115,Moderate,HNI_Dominant
Fino Payments Bank Limited,-5.03,-56.4,-0.9129159437829688,0.316,0,0,Flip,0.0954399588037867,Weak,RII_Dominant
Sigachi Industries Limited,252.76,-80.6,102.72701955090237,0.9943,1,0,Flip,0.3307334189545835,Strong,HNI_Dominant
S.J.S Enterprises Limited,-0.37,118.48,-2.078229231428583,0.1427,0,1,Hold,0.18657229789490784,Weak,HNI_Dominant
PB Fintech,17.35,86.81,13.543504775291256,0.7289,1,1,Hold,0.15378127994415536,Weak,QIB_Dominant
One97 Communications,-9.07,-48.68,-4.87413388771163,0.1767,0,0,Flip,0.09825144044477509,Weak,QIB_Dominant
Sapphire Foods India,11.1,-72.78,3.9168247732460286,0.5534,0,0,Flip,0.13767342596537374,Weak,RII_Dominant
Latent View Analytics,169.04,101.78,127.73288562590189,1.0,1,0,Flip,0.583208249337595,Strong,HNI_Dominant
Tarsons Products,5.74,-43.75,27.238432616709826,0.9928,1,0,Flip,0.33670239657400025,Strong,HNI_Dominant
Go Fashion (India) Limited,90.72,1.57,54.035342299047535,0.9945,1,0,Flip,0.3488164967300222,Strong,HNI_Dominant
Star Health and Allied Insurance Company Limited,-5.69,-51.52,-3.618657915330083,0.2467,0,0,Flip,0.10710814587054976,Weak,RII_Dominant
Tega Industries Limited,66.23,297.69,88.86821771575649,1.0,1,1,Hold,0.5096792930463089,Strong,HNI_Dominant
Anand Rathi Wealth Limited,9.46,397.46,11.087049602390154,0.8191,1,1,Hold,0.23166428149861087,Moderate,HNI_Dominant
Rategain Travel Technologies Limited,-14.16,13.46,10.882657723985508,0.616,0,1,Hold,0.23167563732190566,Moderate,HNI_Dominant
Shriram Properties Limited,-20.34,-23.47,-2.1275714682807383,0.2263,0,0,Flip,0.14071247773437878,Weak,RII_Dominant
C.E. Info Systems Limited (MapmyIndia),53.05,74.11,62.292825524363806,1.0,1,1,Hold,0.42933210104270814,Strong,HNI_Dominant
MedPlus Health Services Limited,27.51,1.9722,31.635306777654183,0.9913,1,0,Flip,0.2913238458946659,Strong,QIB_Dominant
Data Patterns (India) Limited,47.69,331.31,56.91629439403819,0.9968,1,1,Hold,0.3803378585952344,Strong,HNI_Dominant
HP Adhesives Limited,16.42,-83.21,41.16333014246291,0.8268,1,0,Flip,0.1531113694355073,Weak,RII_Dominant
Supriya Lifescience Limited,55.11,139.73,55.45727059881584,0.9475,1,1,Hold,0.2870239694918142,Strong,HNI_Dominant
CMS Info Systems Limited,1.16,102.62,-1.7460695631418008,0.3293,0,1,Hold,0.1500013670437248,Weak,RII_Dominant
AGS Transact Technologies Limited,0.57,-97.02,4.031607039436754,0.7829,0,0,Flip,0.2690265888536228,Moderate,HNI_Dominant
AWL Agri Business Limited (formerly Adani Wilmar Limited),-3.91,10.43,14.132881678779906,0.7371,1,1,Hold,0.25435997734071414,Moderate,HNI_Dominant
Vedant Fashions Limited,8.08,-14.32,3.796638100460462,0.4207,0,0,Flip,0.1948474995462237,Weak,QIB_Dominant
Uma Exports Limited,17.65,-31.99,11.344820462614393,0.6937,1,0,Flip,0.15099515747165396,Weak,RII_Dominant
Patanjali Foods Limited (formerly Ruchi Soya Industries Limited),30.77,178.75,9.242269904363985,0.706,0,1,Hold,0.24791057227134794,Moderate,HNI_Dominant
Veranda Learning Solutions Limited,14.6,66.97,6.908822667445295,0.5336,0,1,Hold,0.16767723294891174,Weak,RII_Dominant
Hariom Pipe Industries Limited,39.87,235.49,12.176581753937217,0.5487,0,1,Hold,0.15831379658761294,Weak,RII_Dominant
Campus Activewear (India) Limited,21.58,-10.75,20.39691080966682,0.9504,1,0,Flip,0.3171856846132255,Strong,QIB_Dominant
Rainbow Children’s Medicare Limited,-6.64,183.19,6.036950521613029,0.5541,0,1,Hold,0.3588582775935184,Strong,QIB_Dominant
Life Insurance Corporation of India (LIC),-8.62,-3.19,-3.2824122499665647,0.1704,0,1,Hold,0.14173172219963692,Weak,QIB_Dominant
Prudent Corporate Advisory Services Limited,4.76,323.12,-2.108035312443965,0.2712,0,1,Hold,0.1891649178948594,Weak,QIB_Dominant
Venus Pipes & Tubes Limited,2.76,315.95,-0.20567482744681173,0.4119,0,1,Hold,0.1962389048457307,Moderate,QIB_Dominant
Delhivery Limited,1.23,-4.54,1.3507430526720912,0.3873,0,0,Flip,0.33135577861510684,Strong,QIB_Dominant
Paradeep Phosphates Limited,3.69,420.12,0.9373914985810832,0.54,0,1,Hold,0.22036012624156456,Moderate,QIB_Dominant
Ethos Limited,-5.47,216.77,0.5124922838596158,0.264,0,1,Hold,0.21756720150657713,Moderate,QIB_Dominant
eMudhra Ltd,5.86,197.66,-0.5508257213573948,0.2965,0,1,Hold,0.16933152066941012,Weak,QIB_Dominant
Aether Industries,9.99,13.93,6.764862610003048,0.681,0,1,Hold,0.32635932881095464,Strong,QIB_Dominant
Syrma SGS Technologies,19.09,217.73,17.89242760396249,0.9301,1,1,Hold,0.32470732297627375,Strong,QIB_Dominant
Dreamfolks Services,54.91,-55.86,39.75567824757759,0.9667,1,0,Flip,0.22519838624978594,Moderate,QIB_Dominant
Tamilnad Mercantile,0.0,-15.78,1.6787988480710911,0.25,0,0,Flip,0.14363513911467782,Weak,RII_Dominant
Harsha Engineers,34.55,25.76,40.077010570767385,1.0,1,0,Flip,0.31383207106564215,Strong,QIB_Dominant
Electronics Mart India,51.53,102.37,44.553389011855714,1.0,1,1,Hold,0.2973296733361712,Strong,QIB_Dominant
Tracxn Technologies,3.75,-33.99,2.568748237837748,0.5953,0,0,Flip,0.17405779686901762,Weak,RII_Dominant
DCX Systems Ltd,38.29,21.62,44.44545382034633,0.976,1,0,Flip,0.23700572696348687,Moderate,QIB_Dominant
Fusion Finance Ltd,-2.04,-58.14,2.477771930518708,0.4126,0,0,Flip,0.21233849174507285,Moderate,QIB_Dominant
Global Health Limited,18.5,310.98,13.376099737332083,0.8673,1,1,Hold,0.21072356229872535,Moderate,QIB_Dominant
Bikaji Foods International Limited,7.05,141.98,16.90112313224583,0.9365,1,1,Hold,0.2350482100290155,Moderate,QIB_Dominant
Five Star Business Finance Limited,-5.07,21.5,-2.2014077050774103,0.1651,0,1,Hold,0.21100431303536835,Moderate,QIB_Dominant
Archean Chemical Industries Limited,10.32,53.56,19.02113505140914,0.8846,1,1,Hold,0.18910352898835553,Weak,QIB_Dominant
Kaynes Technology India Limited,32.03,897.59,21.5939873360627,0.9635,1,1,Hold,0.25623503663859426,Moderate,QIB_Dominant
Inox Green Energy Limited,-6.92,146.15,1.2044934625029697,0.3986,0,1,Hold,0.10574326199159406,Weak,RII_Dominant
Keystone Realtors Limited,2.59,11.6,-1.6185986173547662,0.3576,0,1,Hold,0.23361401770321477,Moderate,QIB_Dominant
Dharmaj Crop Guard Limited,12.24,34.81,13.907754441113047,0.8331,1,1,Hold,0.25861493302898764,Moderate,HNI_Dominant
Uniparts India Limited,-0.35,-32.25,18.01194401490671,0.9457,1,0,Flip,0.2425550272057202,Moderate,QIB_Dominant
Sula Vineyards Limited,0.28,-29.97,-1.4804198953155265,0.2843,0,0,Flip,0.17771395325932782,Weak,QIB_Dominant
Abans Financial Services Limited,0.0,-17.98,1.213211003487266,0.2485,0,0,Flip,0.2967008618336895,Strong,QIB_Dominant
Landmark Cars Limited,-6.86,-2.78,0.9953257804692989,0.3231,0,1,Hold,0.21801529658322533,Moderate,QIB_Dominant
KFin Technologies Limited,0.82,197.36,-2.4912126901870657,0.3763,0,1,Hold,0.14025296416664254,Weak,QIB_Dominant
Elin Electronics Limited,-1.62,-30.4,-1.2787620620367972,0.1619,0,0,Flip,0.1976749110768211,Moderate,QIB_Dominant
Radiant Cash Management Services Limited,5.64,-42.36,5.949127983954019,0.6198,0,0,Flip,0.23080209665934895,Moderate,QIB_Dominant
Sah Polymers Limited,30.77,76.15,41.55163745296372,0.8247,1,1,Hold,0.22034831006623884,Moderate,RII_Dominant
Divgi Torqtransfer Systems Limited,1.69,10.01,-1.0564477290662637,0.4467,0,1,Hold,0.16153666312723364,Weak,QIB_Dominant
Global Surfaces Limited,16.43,-12.21,7.6336377800445385,0.5481,0,0,Flip,0.28013434051211256,Strong,HNI_Dominant
Udayshivakumar Infosolutions Limited,0.0,2.86,12.780485877764962,0.4541,0,1,Hold,0.29637598563794804,Strong,HNI_Dominant
Avalon Technologies Limited,-1.15,102.8,-2.9359056738500606,0.0985,0,1,Hold,0.1537420036949152,Weak,QIB_Dominant
Mankind Pharma Limited,20.37,126.6,18.68666016193167,0.8826,1,1,Hold,0.20699830070328942,Moderate,QIB_Dominant
Nexus Select Trust,2.27,49.01,4.032615518778481,0.6973,0,1,Hold,0.07379700386982468,Weak,QIB_Dominant
IKIO Technologies Limited (formerly IKIO Lighting Limited),37.19,-33.51,34.928410461616174,1.0,1,0,Flip,0.29647441389587936,Strong,QIB_Dominant
HMA Agro Industries Limited,5.13,-94.79,-0.7748511429826839,0.3107,0,0,Flip,0.22072595181384375,Moderate,HNI_Dominant
Ideaforge Technologies Limited,94.21,-31.66,70.7047256098954,0.9765,1,0,Flip,0.28033234253723294,Strong,QIB_Dominant
Cyient DLM Limited,51.32,62.26,40.32433164341212,0.973,1,1,Hold,0.23993313507089464,Moderate,QIB_Dominant
Senco Gold Limited,35.96,6.31,37.80008410458962,1.0,1,0,Flip,0.3063339523529085,Strong,QIB_Dominant
Utkarsh Small Finance Bank Limited,59.8,-17.0,56.17045946856456,0.9938,1,0,Flip,0.281849408353673,Strong,QIB_Dominant
Netweb Technologies India Limited,88.5,322.3,62.60573948642543,1.0,1,1,Hold,0.3215852078810794,Strong,QIB_Dominant
Yatharth Hospital & Trauma Care Services Limited,1.33,139.0,9.44025591594751,0.9739,0,1,Hold,0.26178923872199533,Moderate,QIB_Dominant
SBFC Finance Limited,43.84,83.16,45.70335050175182,0.9936,1,1,Hold,0.29114377440479217,Strong,QIB_Dominant
Concord Biotech Limited,21.46,119.16,16.861837970455298,0.955,1,1,Hold,0.23494391540924067,Moderate,QIB_Dominant
TVS Supply Chain Solutions Limited,4.72,-32.79,2.6445440597314094,0.4689,0,0,Flip,0.12666713425446552,Weak,RII_Dominant
Pyramid Technoplast Limited,11.45,-3.34,8.701196640390268,0.661,0,0,Flip,0.2307899290220876,Moderate,HNI_Dominant
Aeroflex Industries Limited,82.78,67.36,56.058629687495106,0.9949,1,0,Flip,0.33642188635030557,Strong,QIB_Dominant
Vishnu Prakash R P Limited,64.95,56.77,49.23791346854966,0.9985,1,0,Flip,0.32473722125000837,Strong,QIB_Dominant
Rishabh Instruments Limited,4.31,-35.05,13.488701041858,0.9225,1,0,Flip,0.2572497150204567,Moderate,QIB_Dominant
Ratnaveer Precision Limited,30.61,41.33,38.38991936207337,0.9962,1,1,Hold,0.3278584337057656,Strong,HNI_Dominant
Jupiter Life Line Limited,30.61,91.38,39.30255832319911,0.9935,1,1,Hold,0.28608102696928006,Strong,QIB_Dominant
R R Kabel Limited,13.91,17.03,16.4564152894524,0.9499,1,1,Hold,0.22914416850120609,Moderate,QIB_Dominant
EMS Limited,33.44,175.12,31.151049785834658,0.8537,1,1,Hold,0.2070864444887901,Moderate,HNI_Dominant
Zaggle Prepaid Ocean Limited,-1.22,129.76,3.626268380111225,0.402,0,1,Hold,0.18533112003295713,Weak,QIB_Dominant
Samhi Hotels Limited,3.61,74.33,2.433402909178,0.6313,0,1,Hold,0.1555102501805681,Weak,QIB_Dominant
Sai Silks (Kalamandir) Limited,3.65,-22.84,3.6335118577878838,0.7127,0,0,Flip,0.21331703051389886,Moderate,QIB_Dominant
Signature Global India Limited,15.58,189.29,1.6282109126667488,0.4566,0,1,Hold,0.19205540756573597,Weak,HNI_Dominant
Yatra Online Limited,-8.45,-7.98,-1.5068023056572135,0.2955,0,1,Hold,0.1384842278571547,Weak,RII_Dominant
Manoj Vaibhav Gems,0.0,-4.33,-0.6944037213498846,0.2142,0,0,Flip,0.2298273619922669,Moderate,HNI_Dominant
JSW Infrastructure Limited,20.17,148.7,23.577028537182496,0.944,1,1,Hold,0.18437318184502227,Weak,QIB_Dominant
Updater Services Limited,-0.03,-13.33,-1.6991395167689403,0.208,0,0,Flip,0.16066084930581429,Weak,QIB_Dominant
Valiant Laboratories Limited,15.0,-32.14,12.71035977408669,0.7642,1,0,Flip,0.2855109446420917,Strong,HNI_Dominant
Plaza Wires Limited,55.56,3.72,94.03394157301034,0.9593,1,0,Flip,0.4035696410721518,Strong,HNI_Dominant
IRM Energy Limited,-5.15,-45.15,6.493901473092507,0.3818,0,0,Flip,0.2665119477754553,Moderate,HNI_Dominant
Blue Jet Healthcare Limited,4.02,125.59,2.5882445726611985,0.6756,0,1,Hold,0.2391737566816342,Moderate,QIB_Dominant
Cello World Limited,28.24,-12.98,24.161900503409992,0.9543,1,0,Flip,0.24750100866421268,Moderate,QIB_Dominant
Honasa Consumer Limited (Mamaearth),0.0,-18.04,1.893067692366793,0.4066,0,0,Flip,0.16463767557619285,Weak,QIB_Dominant
ESAF Small Finance Bank Limited,19.83,-49.95,39.562730338467496,1.0,1,0,Flip,0.3137141391574268,Strong,QIB_Dominant
Protean eGov Technologies Limited,0.0,-9.12,11.657446066921011,0.6752,1,0,Flip,0.2529340782182452,Moderate,QIB_Dominant
ASK Automotive Limited,8.12,64.93,15.73233002344527,0.9972,1,1,Hold,0.27499361192150346,Moderate,QIB_Dominant
Indian Renewable Energy Development Agency Limited (IREDA),56.25,353.13,35.43108377580866,0.9748,1,1,Hold,0.24100237175225447,Moderate,QIB_Dominant
Fedbank Financial Services Limited,-1.61,-6.96,-1.0558920482840606,0.184,0,0,Flip,0.16904145983207786,Weak,QIB_Dominant
Gandhar Oil Refineries Limited,74.79,-11.51,52.022828105141606,0.9985,1,0,Flip,0.2795083528691524,Strong,QIB_Dominant
Tata Technologies Limited,139.99,33.85,82.92370747919364,1.0,1,0,Flip,0.29012818035005833,Strong,QIB_Dominant
Flair Writing Instruments Limited,65.46,7.4,33.51207672732577,0.9972,1,0,Flip,0.2637880376068671,Moderate,QIB_Dominant
India Shelter Finance Limited,24.28,86.22,23.137715214944215,0.964,1,1,Hold,0.2450246038827935,Moderate,QIB_Dominant
Doms Industries Limited,77.22,222.96,60.22424555977244,0.9935,1,1,Hold,0.25630480183304705,Moderate,QIB_Dominant
Inox India Limited,41.39,68.17,39.100150128077566,0.9936,1,1,Hold,0.27211721354073315,Moderate,QIB_Dominant
Suraj Estate Developers Limited,-4.5,-20.53,4.5040448183842425,0.3577,0,0,Flip,0.22482281833113382,Moderate,QIB_Dominant
Motisons Jewellers Limited,88.91,-66.24,96.6773579809733,1.0,1,0,Flip,0.38401761315725924,Strong,HNI_Dominant
Muthoot Microfin Limited,-4.47,-49.79,0.5326589051677378,0.2293,0,0,Flip,0.20314534189361808,Moderate,QIB_Dominant
RBZ Jewellers Limited,0.0,41.35,9.689504951905967,0.3595,0,1,Hold,0.17964507000793448,Weak,RII_Dominant
Credo Brands Marketing Limited,0.71,-57.11,13.077999956656852,0.985,1,0,Flip,0.27086027419291325,Moderate,QIB_Dominant
Happy Forgings Limited,17.79,13.02,51.091286066383375,1.0,1,0,Flip,0.30452359232310805,Strong,QIB_Dominant
Azad Engineering Limited,35.5,182.68,37.37448600694338,1.0,1,1,Hold,0.3062317923825388,Strong,QIB_Dominant
Innova Captab Limited,1.81,99.2,19.276409527825148,0.9941,1,1,Hold,0.28283044723665846,Strong,QIB_Dominant
Jyoti CNC Automation Limited,12.39,176.36,16.341289417208984,0.8948,1,1,Hold,0.2085824250542902,Moderate,QIB_Dominant
Medi Assist Healthcare Services Limited,11.24,38.28,11.757306210564632,0.8186,1,1,Hold,0.23166469320298702,Moderate,QIB_Dominant
Epack Durable Limited,-2.17,64.28,2.647925177234668,0.2953,0,1,Hold,0.24561109033649284,Moderate,HNI_Dominant
Nova Agritech Limited,36.59,22.93,45.44371952279026,0.9869,1,0,Flip,0.35050707721366053,Strong,HNI_Dominant
BLS E-Services Limited,128.89,37.67,90.70546474668188,0.9917,1,0,Flip,0.3817623439980793,Strong,HNI_Dominant
Apeejay Surrendra Group (conglomerate),20.65,-3.97,23.28559335902946,0.9655,1,0,Flip,0.23454972809355126,Moderate,QIB_Dominant
Rashi Peripherals Limited,7.72,-9.86,24.407400857861344,0.9847,1,0,Flip,0.2923214056234522,Strong,QIB_Dominant
Capital Small Finance Bank Limited,-7.05,-36.23,-1.6363410351205865,0.1975,0,0,Flip,0.20257247168642797,Moderate,QIB_Dominant
Jana Small Finance Bank Limited,-4.35,11.35,8.615285796710385,0.6337,0,1,Hold,0.2516035482548528,Moderate,QIB_Dominant
Entero Healthcare Solutions Limited,-1.03,-4.2,-3.954454430263324,0.142,0,0,Flip,0.13377715598424805,Weak,QIB_Dominant
Vibhor Steel Tubes Limited,178.81,4.77,118.58431672147292,0.9893,1,0,Flip,0.5772728896704499,Strong,HNI_Dominant
Juniper Hotels Ltd ,0.33,-18.93,7.3617981411443285,0.7926,0,0,Flip,0.06535032525596199,Weak,RII_Dominant
GPT Healthcare Ltd ,16.21,-16.67,3.376617667627581,0.6003,0,0,Flip,0.23692037819484243,Moderate,QIB_Dominant
Platinum Industries Ltd ,33.33,61.75,31.90848988979701,1.0,1,1,Hold,0.33230651768275477,Strong,QIB_Dominant
Exicom Tele-Systems Ltd ,85.92,-2.08,71.68051138688513,0.9892,1,0,Flip,0.3203584289550524,Strong,HNI_Dominant
Mukka Proteins Ltd ,57.14,-1.39,52.5824810097374,0.9981,1,0,Flip,0.38863063098571665,Strong,HNI_Dominant
R K Swamy Ltd ,-12.5,-45.9,1.28231013610812,0.3236,0,0,Flip,0.20791404743354872,Moderate,HNI_Dominant
Indus Infra Trust ,1.0,11.53,1.6505740125435011,0.8417,0,1,Hold,0.163443876782088,Weak,QIB_Dominant
J.G.Chemicals Ltd ,-4.52,118.21,2.297609472508794,0.2418,0,1,Hold,0.2524426838076001,Moderate,HNI_Dominant
Gopal Snacks Ltd,-12.72,-7.42,-1.3309299921156024,0.2884,0,1,Hold,0.21824095237235996,Moderate,QIB_Dominant
Popular Vehicles & Services Ltd ,-1.02,-59.32,-2.845208240165498,0.1084,0,0,Flip,0.17048095218578913,Weak,QIB_Dominant
Krystal Integrated Services Ltd ,11.19,-12.48,10.429221738812794,0.7337,1,0,Flip,0.29682427089778407,Strong,HNI_Dominant
SRM Contractors Ltd ,7.14,126.93,23.177528709664845,0.9981,1,1,Hold,0.34862733057220396,Strong,HNI_Dominant
Bharti Hexacom Ltd ,32.49,205.77,22.857464921477696,0.8852,1,1,Hold,0.1716243302886196,Weak,QIB_Dominant
Vodafone Idea Ltd ,9.09,-40.0,8.912178014789008,0.8565,0,0,Flip,0.1801920205250979,Weak,QIB_Dominant
Stanley Lifestyles Limited,35.23,-14.16,14.131954232347436,0.6496,0,0,Flip,0.1786343384006592,Weak,HNI_Dominant
Allied Blenders and Distillers Limited,13.2,76.07,12.882704424195596,0.8544,1,1,Hold,0.24680776395872714,Moderate,QIB_Dominant
Vraj Iron & Steel Limited,15.94,-21.74,26.495752645591747,1.0,1,0,Flip,0.3691494195968776,Strong,HNI_Dominant
Bansal Wire Industries Limited,37.52,43.03,34.154404655024074,0.9908,1,1,Hold,0.28117329394251805,Strong,QIB_Dominant
Emcure Pharmaceuticals Limited,31.45,37.95,52.62817939848212,0.9913,1,1,Hold,0.28538468458724564,Strong,QIB_Dominant
Sanstar Limited,12.0,-9.61,27.08292993906696,1.0,1,0,Flip,0.32450860537363313,Strong,QIB_Dominant
Akums Drugs and Pharmaceuticals Limited,6.77,-30.34,20.900479872579304,0.9834,1,0,Flip,0.22538314048517125,Moderate,QIB_Dominant
Ceigall India Limited,2.99,-38.34,6.709648189643028,0.7887,0,0,Flip,0.2273686491957635,Moderate,QIB_Dominant
Ola Electric Mobility Limited,-0.01,-47.38,0.6040995299601046,0.2837,0,0,Flip,0.12888533843158545,Weak,QIB_Dominant
Brainbees Solutions Limited,34.41,-19.65,17.276277523244474,0.7684,1,0,Flip,0.1520468041918239,Weak,QIB_Dominant
Unicommerce eSolutions Limited,112.96,15.14,91.18741990416734,0.9981,1,0,Flip,0.38072126516421284,Strong,HNI_Dominant
Saraswati Saree Depot Limited,25.0,-42.62,41.40509925322627,0.9945,1,0,Flip,0.4061622689878339,Strong,HNI_Dominant
Interarch Building Products Limited,43.47,146.33,51.127364948057945,0.9913,1,1,Hold,0.3365999270235553,Strong,QIB_Dominant
Orient Technologies Limited,40.78,54.88,54.3809532414632,1.0,1,1,Hold,0.407783468587549,Strong,HNI_Dominant
Premier Energies Limited,120.22,125.66,84.3940466958891,0.9888,1,1,Hold,0.2861965261168178,Strong,QIB_Dominant
Ecos (India) Mobility & Hospitality Limited,17.16,-12.2,28.59344119215566,0.9972,1,0,Flip,0.2891027009950863,Strong,QIB_Dominant
Baazar Style Retail Limited,0.0,-18.97,10.489491796742058,0.5398,0,0,Flip,0.27289643318150897,Moderate,QIB_Dominant
Gala Precision Engineering Limited,41.78,53.98,79.61467870316774,1.0,1,1,Hold,0.4647389002196881,Strong,HNI_Dominant
Shree Tirupati Balajee Agro Trading Company Limited,11.93,-39.31,31.084001943431293,1.0,1,0,Flip,0.36502773131168903,Strong,HNI_Dominant
Bajaj Housing Finance Limited,114.29,61.71,78.83293099249117,0.9972,1,0,Flip,0.27505795190988996,Moderate,QIB_Dominant
Tolins Tyres Limited,0.44,-31.42,0.5810090904783606,0.4793,0,0,Flip,0.21870178544760704,Moderate,HNI_Dominant
Kross Limited,0.0,-32.21,1.3186927347181858,0.1866,0,0,Flip,0.22227579511524265,Moderate,QIB_Dominant
P N Gadgil Jewellers Limited,73.75,15.44,44.836595886835866,0.9908,1,0,Flip,0.2737388574257536,Moderate,QIB_Dominant
Western Carriers Limited,-1.16,-30.23,2.4602845850970723,0.3348,0,0,Flip,0.22562294251526654,Moderate,HNI_Dominant
Northern ARC Capital Limited,33.46,-12.53,54.37547751144286,0.9957,1,0,Flip,0.3457343883062732,Strong,QIB_Dominant
Arkade Developers Limited,37.42,48.91,35.88861271523581,1.0,1,1,Hold,0.3377621811885926,Strong,QIB_Dominant
Manba Finance Limited,25.0,15.46,87.17679499853902,1.0,1,0,Flip,0.4825604673069693,Strong,HNI_Dominant
KRN Heat Exchanger and Refrigeration Limited,113.64,314.2,104.05756616417892,1.0,1,1,Hold,0.4673258401432746,Strong,HNI_Dominant
Diffusion Engineers Limited,11.9,100.3,53.637081173901144,1.0,1,1,Hold,0.3467833991902546,Strong,HNI_Dominant
Garuda Construction and Engineering Limited,8.63,80.42,8.467850239451145,0.7216,0,1,Hold,0.16538922810263695,Weak,RII_Dominant
Hyundai Motor India Limited,-1.48,14.02,1.5685681544465726,0.2594,0,1,Hold,0.15624946203657022,Weak,QIB_Dominant
Waaree Energies Limited,69.66,110.98,80.9804700645188,0.9929,1,1,Hold,0.282719953755954,Strong,QIB_Dominant
Deepak Builders & Engineers India Limited,-2.22,-34.88,29.350770300490993,0.8643,1,0,Flip,0.25043606563687293,Moderate,HNI_Dominant
Godavari Biorefineries Limited,-11.78,-19.32,-3.9169029494592347,0.1477,0,0,Flip,0.1661181019699144,Weak,QIB_Dominant
Afcons Infrastructure Limited,-7.12,-8.86,-3.3146178539102635,0.1914,0,0,Flip,0.20660621389107187,Moderate,HNI_Dominant
Sagility India Limited,3.53,49.1,1.6189152100907567,0.5917,0,1,Hold,0.1366514636896477,Weak,RII_Dominant
ACME Solar Holdings Limited,-10.38,-4.38,-3.1554842454510528,0.2083,0,1,Hold,0.12751078973951735,Weak,QIB_Dominant
Swiggy Limited,5.64,2.42,2.0940710950541632,0.4462,0,0,Flip,0.11801019749895836,Weak,QIB_Dominant
Niva Bupa Health Insurance Company Limited,6.08,8.69,1.0304399507335413,0.5443,0,1,Hold,0.12333482723357227,Weak,RII_Dominant
Zinka Logistics Solution Limited (BlackBuck),2.22,96.76,-2.1468427930203555,0.237,0,1,Hold,0.13811370702638287,Weak,QIB_Dominant
NTPC Green Energy Limited,3.33,-4.07,0.5086939520223628,0.5441,0,0,Flip,0.10928065771108751,Weak,RII_Dominant
Enviro Infra Engineers Limited,47.3,66.89,42.62090029091087,1.0,1,1,Hold,0.3315733159548254,Strong,QIB_Dominant
Suraksha Diagnostic Limited,-0.91,-32.53,-2.771723290794506,0.1477,0,0,Flip,0.18630645091815554,Weak,QIB_Dominant
Vishal Mega Mart Limited,41.03,82.31,30.162401029686258,0.9375,1,1,Hold,0.21546689256666748,Moderate,QIB_Dominant
Sai Life Sciences Limited,20.22,61.04,15.105996025321126,0.8334,1,1,Hold,0.2103482481828193,Moderate,QIB_Dominant
One Mobikwik Systems Limited,58.51,-17.44,75.87242714298091,0.9585,1,0,Flip,0.29268871732570756,Strong,RII_Dominant
Inventurus Knowledge Solutions Limited,39.65,19.08,33.901075814441676,0.9624,1,0,Flip,0.20317082501013733,Moderate,QIB_Dominant
International Gemmological Institute (India) Limited,21.07,-19.21,21.20530382385729,0.926,1,0,Flip,0.18312031284210167,Weak,QIB_Dominant
Concord Enviro Systems Limited,18.69,-23.35,2.1694483370789244,0.4414,0,0,Flip,0.22538899893942346,Moderate,QIB_Dominant
Sanathan Textiles Limited,30.56,43.43,17.139523078177138,0.8686,1,1,Hold,0.26493760426020035,Moderate,QIB_Dominant
Mamata Machinery Limited,146.91,74.12,104.66452525231298,0.9985,1,0,Flip,0.4250616439527115,Strong,HNI_Dominant
Dam Capital Advisors Limited,38.83,-22.37,36.612279347198,0.9985,1,0,Flip,0.30416923533611495,Strong,QIB_Dominant
Transrail Lighting Limited,35.45,82.22,44.29049453962265,0.9972,1,1,Hold,0.3071659344986263,Strong,QIB_Dominant
Ventive Hospitality Limited,11.69,15.75,1.2487031555504275,0.4618,0,1,Hold,0.1867540405138097,Weak,HNI_Dominant
Senores Pharmaceuticals Limited,51.84,68.94,77.70924943501487,0.9728,1,1,Hold,0.27212575350417934,Moderate,HNI_Dominant
Carraro India Limited,-6.25,-40.77,-4.322474016090072,0.0978,0,0,Flip,0.17492487062987366,Weak,QIB_Dominant
Unimech Aerospace and Manufacturing Limited,89.94,39.75,74.78065351266379,1.0,1,0,Flip,0.4187162373551713,Strong,QIB_Dominant
Indo Farm Equipment Limited,20.19,-2.09,95.09888733710729,1.0,1,0,Flip,0.491946284183238,Strong,HNI_Dominant
Standard Glass Lining Technology Limited,25.71,18.43,65.6657315430403,1.0,1,0,Flip,0.42775331280375334,Strong,QIB_Dominant
Quadrant Future Tek Limited,28.97,32.48,65.16874872883105,0.9845,1,1,Hold,0.38452785967489356,Strong,HNI_Dominant
Capital Infra Trust,0.0,-20.22,0.5314159586598741,0.3047,0,0,Flip,0.1840293049623252,Weak,HNI_Dominant
Laxmi Dental Limited,23.36,-7.0,38.2234206164902,0.9972,1,0,Flip,0.3056252464683723,Strong,HNI_Dominant
Stallion India Fluorochem Limited,33.33,37.56,66.39460383107138,1.0,1,1,Hold,0.448442710934225,Strong,HNI_Dominant
Denta Water & Infrastructure Limited,12.24,7.5,82.81598634462758,1.0,1,0,Flip,0.49118524798099583,Strong,HNI_Dominant
Dr Agarwal's Healthcare Limited,-1.27,12.31,-0.8816339305865057,0.1763,0,1,Hold,0.18846840499842196,Weak,QIB_Dominant
Ajax Engineering Limited,-5.72,14.04,0.28615477956379787,0.3471,0,1,Hold,0.21529442683931566,Moderate,QIB_Dominant
Hexaware Technologies Limited,3.25,0.13,1.8087600657569485,0.5833,0,0,Flip,0.1825504495618492,Weak,QIB_Dominant
Quality Power Electronics Limited,1.66,89.34,-1.1484054697066388,0.3045,0,1,Hold,0.1610140989516294,Weak,RII_Dominant
Ather Energy Limited,1.57,28.21,-2.9123952973600584,0.3486,0,1,Hold,0.12654352701428365,Weak,RII_Dominant
Borana Weaves Limited,12.5,2.22,53.18458380045631,0.9964,1,0,Flip,0.36035695089676284,Strong,HNI_Dominant
Belrise Industries Limited,9.44,52.22,13.478760775113447,0.9652,1,1,Hold,0.25681310792249545,Moderate,QIB_Dominant
Schloss Bangalore Limited,-6.55,0.79,1.165876702786867,0.4131,0,1,Hold,0.14153198453217852,Weak,QIB_Dominant
Aegis Vopak Terminals Limited,-6.38,2.89,-2.5448532285732552,0.13,0,1,Hold,0.1397996935506509,Weak,QIB_Dominant
Prostarm Info Systems Limited,19.05,100.9,27.61614271330935,1.0,1,1,Hold,0.36162501690683785,Strong,HNI_Dominant
Scoda Tubes Limited,0.0,31.5,27.646693582235702,0.9763,1,1,Hold,0.31038602953064703,Strong,HNI_Dominant
Oswal Pumps Limited,2.93,24.4,9.568365864213826,0.9613,0,1,Hold,0.26007266805409657,Moderate,QIB_Dominant
Arisinfra Solutions Limited,-5.81,-32.79,3.7978206369398935,0.3992,0,0,Flip,0.1580663642537961,Weak,RII_Dominant
Globe Civil Projects Limited,28.31,14.55,43.48375676498482,0.9977,1,0,Flip,0.325430284881565,Strong,HNI_Dominant
Ellenbarrie Industrial Gases Limited,23.0,30.6,18.992921455935555,0.9567,1,1,Hold,0.2472447532439799,Moderate,QIB_Dominant
Kalpataru Limited,0.02,-1.28,-2.5018033669516755,0.3205,0,0,Flip,0.1544684851944622,Weak,QIB_Dominant
Sambhv Steel Tubes Limited,34.27,47.32,24.211788776734576,0.9049,1,1,Hold,0.2550474550075213,Moderate,QIB_Dominant
HDB Financial Services Limited,12.84,0.26,17.921254922945263,0.9022,1,0,Flip,0.2143363448976674,Moderate,QIB_Dominant
Indogulf Cropsciences Limited,0.0,-3.69,6.78754244579886,0.4307,0,0,Flip,0.2681158726834751,Moderate,HNI_Dominant
Crizac Limited,14.29,21.78,26.782841526289726,0.987,1,1,Hold,0.29252691649882034,Strong,QIB_Dominant
Travel Food Services Limited,2.38,4.38,3.003264590681285,0.3817,0,1,Hold,0.19880931053185802,Moderate,QIB_Dominant
Smartworks Coworking Limited,7.15,13.59,5.622317217806223,0.6615,0,1,Hold,0.25279595777772856,Moderate,QIB_Dominant
Anthem Biosciences Limited,26.86,32.13,55.93988818026378,0.9936,1,1,Hold,0.27013818435610587,Moderate,QIB_Dominant
Indiqube Spaces Limited,-7.72,-8.73,2.160616933269777,0.2406,0,0,Flip,0.1693640764582719,Weak,QIB_Dominant
GNG Electronics Limited,47.68,35.53,57.083961179321406,1.0,1,0,Flip,0.391819304585228,Strong,QIB_Dominant
Brigade Hotel Ventures Limited,-8.89,-4.5,2.0102740480401264,0.4434,0,1,Hold,0.14678047088894264,Weak,RII_Dominant
Shanti Gold International Ltd,15.13,27.64,24.039738105687675,1.0,1,1,Hold,0.326634136166333,Strong,HNI_Dominant
Laxmi India Finance Ltd,-13.92,-5.7,0.2879263798234805,0.3606,0,1,Hold,0.17030856041391157,Weak,RII_Dominant
Aditya Infotech Ltd,50.81,57.72,44.05576012558085,0.9985,1,1,Hold,0.2679754777781238,Moderate,QIB_Dominant
National Securities Depository Ltd (NSDL),10.0,,14.549698135362998,0.9476,1,0,Flip,0.24018517109826193,Moderate,QIB_Dominant
Sri Lotus Developers & Realty Ltd,19.4,34.07,31.973685241899688,0.9964,1,1,Hold,0.2857468317725463,Strong,QIB_Dominant
M & B Engineering Ltd,0.26,10.87,4.462168031366033,0.8117,0,1,Hold,0.21105227648922115,Moderate,HNI_Dominant
