IPO_Name,Date,Issue_Size,QIB,HNI,RII,Total,Issue_Price,Listing_Gain_Pct,Positive_Listing,Strong_Listing,Current_Gain_Pct,Cluster,Cluster_Name
JSW Energy Limited,2010-01-04,2700.0,2.88,0.15,0.4,1.68,100,2.0,1,0,436.3,1,"Institutional
Heavyweights"
Godrej Properties Limited,2010-01-05,468.85,7.45,0.41,0.38,4.0,490,4.08,1,0,299.35,1,"Institutional
Heavyweights"
D B Corp Limited,2010-01-06,384.22,68.52,26.17,3.42,39.54,212,17.92,1,1,29.6,1,"Institutional
Heavyweights"
MBL Infrastructure Limited,2010-01-11,102.6,3.35,2.65,0.4,1.97,180,5.56,1,0,-77.36,1,"Institutional
Heavyweights"
Birla Shloka Edutech Limited,2010-01-29,34.78,0.0,5.45,1.76,1.43,50,-2.0,0,0,-97.08,0,"Retail-Driven
Weak Demand"
Infinite Computer Solutions Limited,2010-02-03,189.8,48.44,106.02,11.08,43.22,165,8.09,1,0,187.12,2,"Blockbuster
Demand Stars"
Jubilant Foodworks Limited,2010-02-08,328.72,59.39,51.95,3.79,31.11,145,11.45,1,0,337.97,2,"Blockbuster
Demand Stars"
Vascon Engineers Limited,2010-02-15,178.2,1.12,3.65,0.62,1.22,165,3.03,1,0,-70.21,0,"Retail-Driven
Weak Demand"
Syncom Healthcare Limited,2010-02-15,56.25,0.99,16.6,6.25,5.17,75,17.33,1,1,-94.51,0,"Retail-Driven
Weak Demand"
Thangamayil Jewellery Limited,2010-02-19,28.75,0.52,1.52,2.26,1.12,75,-6.67,0,0,2523.67,0,"Retail-Driven
Weak Demand"
NTPC Limited,2010-02-19,8478.75,2.18,0.43,0.16,1.2,201,1.49,1,0,68.53,1,"Institutional
Heavyweights"
Aqua Logistics Limited,2010-02-23,150.0,0.26,5.07,3.0,1.94,220,-0.27,0,0,-99.38,0,"Retail-Driven
Weak Demand"
Valor Estates Limited,2010-02-24,1500.0,4.47,4.25,0.37,2.95,468,-8.12,0,0,-61.56,1,"Institutional
Heavyweights"
Emmbi Industries Limited,2010-02-24,38.96,0.43,5.55,0.46,1.2,45,1.11,1,0,133.44,0,"Retail-Driven
Weak Demand"
Hathway Cable & Datacom Limited,2010-02-25,666.0,1.43,4.29,0.28,1.36,240,2.5,1,0,-94.02,1,"Institutional
Heavyweights"
ARSS Infrastructure Projects Limited,2010-03-03,103.0,49.34,124.53,18.55,47.62,450,42.22,1,1,-87.87,2,"Blockbuster
Demand Stars"
REC Limited,2010-03-08,3529.94,39.3,27.12,7.68,27.91,203,13.3,1,0,90.94,1,"Institutional
Heavyweights"
Texmo Pipes and Products Limited,2010-03-10,45.0,1.02,30.5,7.26,7.48,90,12.78,1,0,-36.77,0,"Retail-Driven
Weak Demand"
Man Infraconstruction Limited,2010-03-11,141.75,96.06,104.57,10.26,62.53,252,32.94,1,1,-34.56,2,"Blockbuster
Demand Stars"
United Bank of India,2010-03-18,324.98,47.08,39.15,9.8,33.38,66,16.67,1,1,-93.21,2,"Blockbuster
Demand Stars"
DQ Entertainment (International) Limited,2010-03-29,128.16,93.86,272.88,19.45,86.33,80,68.75,1,1,-98.71,2,"Blockbuster
Demand Stars"
NMDC Limited,2010-03-29,9967.3,2.28,0.22,0.22,1.25,300,-1.43,0,0,-76.29,1,"Institutional
Heavyweights"
IL&FS Transportation Networks Limited,2010-03-30,700.0,52.61,39.39,4.56,33.42,258,11.24,1,0,-98.85,1,"Institutional
Heavyweights"
Pradip Overseas Limited,2010-04-05,116.6,8.57,45.35,10.53,14.08,110,9.09,1,0,-98.96,0,"Retail-Driven
Weak Demand"
Persistent Systems Limited,2010-04-06,168.01,144.43,107.73,21.69,93.6,310,29.03,1,1,1582.37,2,"Blockbuster
Demand Stars"
Shree Ganesh Jewellery House (I) Limited,2010-04-09,371.02,1.38,6.13,1.39,1.96,260,-0.44,0,0,-99.68,0,"Retail-Driven
Weak Demand"
Intrasoft Technologies Limited,2010-04-12,53.65,21.97,21.6,13.51,18.95,145,-3.45,0,0,-33.62,0,"Retail-Driven
Weak Demand"
Goenka Diamond & Jewellery Limited,2010-04-16,126.51,0.78,3.0,0.66,1.07,135,-3.7,0,0,-99.39,0,"Retail-Driven
Weak Demand"
Talwalkars Better Value Fitness Limited,2010-05-10,77.44,35.43,51.48,8.43,28.39,128,7.81,1,0,-98.87,2,"Blockbuster
Demand Stars"
Satchmo Holdings Limited,2010-05-13,405.0,2.54,0.22,0.16,1.16,54,-7.41,0,0,-92.96,1,"Institutional
Heavyweights"
Tarapur Transformers Limited,2010-05-18,63.75,0.03,5.08,2.74,1.74,75,0.0,0,0,-67.01,0,"Retail-Driven
Weak Demand"
GB Global Limited,2010-05-19,107.9,7.97,10.52,2.81,6.32,130,2.08,1,0,-92.46,0,"Retail-Driven
Weak Demand"
SJVN Limited,2010-05-20,1062.51,9.03,3.39,3.12,6.64,26,7.69,1,0,276.35,1,"Institutional
Heavyweights"
Jaypee Infratech Limited,2010-05-21,2257.6,1.77,1.15,0.61,1.24,102,-8.82,0,0,-98.75,1,"Institutional
Heavyweights"
Standard Chartered (India) Limited,2010-06-11,2486.35,4.15,1.9,0.25,2.2,104,0.96,1,0,-65.19,1,"Institutional
Heavyweights"
Parabolic Drugs Limited,2010-07-01,200.0,1.48,1.2,0.4,1.04,75,1.33,1,0,-92.4,1,"Institutional
Heavyweights"
Technofab Engineers Limited,2010-07-16,71.66,4.28,48.85,10.03,12.78,240,10.42,1,0,-97.15,0,"Retail-Driven
Weak Demand"
Hindustan Media Ventures Limited,2010-07-21,270.0,8.98,3.39,1.0,5.43,166,2.41,1,0,-48.18,1,"Institutional
Heavyweights"
Shri Aster Silicates Limited,2010-07-28,53.1,0.01,12.46,7.41,4.47,118,8.22,1,0,-98.92,0,"Retail-Driven
Weak Demand"
Midfield Industries Limited,2010-08-04,59.85,1.86,48.41,13.51,12.92,133,19.85,1,1,-90.94,0,"Retail-Driven
Weak Demand"
Engineers India Limited,2010-08-12,959.35,23.43,5.85,2.99,13.36,290,8.62,1,0,-30.72,1,"Institutional
Heavyweights"
Bharat Financial Inclusion Limited,2010-08-16,1628.78,20.38,18.26,2.81,13.69,985,5.18,1,0,-8.81,1,"Institutional
Heavyweights"
Bajaj Consumer Care Limited,2010-08-18,297.0,20.19,53.49,6.62,19.29,660,10.61,1,0,-65.43,2,"Blockbuster
Demand Stars"
Prakash Steelage Limited,2010-08-25,68.75,1.27,10.91,6.62,4.53,110,7.77,1,0,-94.78,0,"Retail-Driven
Weak Demand"
Gujarat Pipavav Port Limited,2010-09-09,553.85,13.2,85.7,9.15,19.94,46,22.28,1,1,241.3,2,"Blockbuster
Demand Stars"
Indosolar Limited,2010-09-29,357.0,1.44,1.3,1.81,1.55,29,2.59,1,0,1203.1,0,"Retail-Driven
Weak Demand"
Tirupati Inks Limited,2010-10-01,51.5,1.78,23.18,12.59,8.77,43,25.47,1,1,-96.3,0,"Retail-Driven
Weak Demand"
Sastasundar Ventures Ltd,2010-10-05,147.5,5.91,35.88,11.04,12.2,118,14.49,1,0,144.07,0,"Retail-Driven
Weak Demand"
CP Capital Ltd,2010-10-06,115.0,47.45,101.93,31.74,47.39,310,48.71,1,1,-47.52,2,"Blockbuster
Demand Stars"
Eros International Media Ltd,2010-10-06,350.0,25.79,73.4,11.95,26.51,175,21.91,1,1,-95.49,2,"Blockbuster
Demand Stars"
ESL Steel Ltd,2010-10-08,248.07,5.86,28.58,6.19,8.23,11,12.27,1,0,182.27,0,"Retail-Driven
Weak Demand"
Ramky Infrastructure Ltd,2010-10-08,530.0,4.52,1.45,0.99,2.89,450,0.0,0,0,23.56,1,"Institutional
Heavyweights"
Orient Green Power Company Ltd,2010-10-08,900.0,2.09,0.64,0.18,1.07,47,-2.77,0,0,-71.81,1,"Institutional
Heavyweights"
Cantabil Retail India Ltd,2010-10-12,105.0,1.71,3.83,2.63,2.35,135,-0.89,0,0,83.85,0,"Retail-Driven
Weak Demand"
Tecpro Systems Ltd,2010-10-12,267.91,27.99,62.48,9.07,24.47,355,12.51,1,0,-98.72,2,"Blockbuster
Demand Stars"
Va Tech Wabag Ltd,2010-10-13,472.59,36.13,100.98,8.55,36.22,1310,26.34,1,1,16.18,2,"Blockbuster
Demand Stars"
Bedmutha Industries Ltd,2010-10-14,91.8,0.67,29.19,8.51,7.69,102,12.16,1,0,37.45,0,"Retail-Driven
Weak Demand"
Sea TV Network Ltd,2010-10-14,50.2,1.66,40.94,7.45,9.58,100,20.0,1,1,-95.06,0,"Retail-Driven
Weak Demand"
Ashoka Buildcon Ltd,2010-10-14,225.0,25.52,13.91,3.46,15.94,324,2.95,1,0,-42.84,1,"Institutional
Heavyweights"
Jupiter Wagons Ltd,2010-10-18,172.41,3.68,0.34,0.38,2.07,127,-3.31,0,0,159.21,1,"Institutional
Heavyweights"
Oberoi Realty Ltd,2010-10-20,1028.61,22.15,3.61,0.94,12.13,260,7.69,1,0,518.23,1,"Institutional
Heavyweights"
BS Ltd,2010-10-27,190.45,0.52,3.16,1.04,1.1,248,1.21,1,0,-99.87,0,"Retail-Driven
Weak Demand"
Prestige Estates Projects Ltd,2010-10-27,1200.0,4.32,0.24,0.08,2.26,183,3.83,1,0,790.25,1,"Institutional
Heavyweights"
Shah Metacorp Ltd,2010-10-27,54.67,1.54,33.44,8.0,8.59,71,7.89,1,0,-94.97,0,"Retail-Driven
Weak Demand"
Coal India Ltd,2010-11-04,15199.4,24.7,25.4,2.31,15.28,245,17.45,1,1,57.14,1,"Institutional
Heavyweights"
Gravita India Ltd,2010-11-16,45.0,6.04,182.52,37.34,42.88,125,75.0,1,1,1326.92,2,"Blockbuster
Demand Stars"
Power Grid Corporation of India Ltd,2010-11-25,7442.34,115.9,40.34,6.77,64.82,90,5.56,1,0,217.5,1,"Institutional
Heavyweights"
RPP Infra Projects Ltd,2010-12-06,48.75,0.16,7.27,5.6,2.97,75,0.0,0,0,55.07,0,"Retail-Driven
Weak Demand"
MOIL Ltd,2010-12-15,1237.51,49.16,143.3,32.86,56.43,375,46.93,1,1,-14.19,2,"Blockbuster
Demand Stars"
Shipping Corporation of India Ltd,2010-12-15,1164.73,4.19,3.67,6.56,4.92,140,-2.21,0,0,47.54,1,"Institutional
Heavyweights"
Claris Lifescience Ltd,2010-12-20,300.0,1.31,2.03,1.6,1.5,228,-1.58,0,0,73.93,0,"Retail-Driven
Weak Demand"
A2Z Infra Engineering Ltd,2010-12-23,776.25,0.68,3.12,0.33,0.96,400,-2.5,0,0,-95.02,0,"Retail-Driven
Weak Demand"
Ravikumar Distilleries Ltd,2010-12-27,73.6,0.15,7.31,3.01,2.22,64,0.0,0,0,-55.36,0,"Retail-Driven
Weak Demand"
Punjab & Sind Bank,2010-12-30,480.0,49.8,85.84,44.45,50.75,120,21.75,1,1,-76.53,2,"Blockbuster
Demand Stars"
C Mahendra Exports Ltd,2011-01-20,165.0,1.02,3.92,4.82,2.78,110,0.91,1,0,-98.37,0,"Retail-Driven
Weak Demand"
Midvalley Entertainment & Hospitality Ltd,2011-01-27,60.0,0.35,4.68,9.01,4.03,70,4.29,1,0,-99.5,0,"Retail-Driven
Weak Demand"
Tata Steel Ltd,2011-02-02,3477.0,10.41,7.21,1.6,6.03,610,3.3,1,0,-73.68,1,"Institutional
Heavyweights"
Omkar Speciality Chemicals Ltd,2011-02-10,79.38,0.82,5.27,9.9,4.67,98,-3.06,0,0,-92.11,0,"Retail-Driven
Weak Demand"
AcroPetal Technologies Ltd,2011-03-10,170.0,1.12,2.0,1.21,1.28,90,44.44,1,1,-98.14,0,"Retail-Driven
Weak Demand"
Sudar Industries Ltd,2011-03-11,69.98,0.17,4.47,2.28,1.55,77,-3.9,0,0,-98.68,0,"Retail-Driven
Weak Demand"
Fineotex Chemical Ltd,2011-03-11,29.48,0.0,0.22,4.38,1.57,70,14.29,1,0,232.14,0,"Retail-Driven
Weak Demand"
Lovable Lingerie Ltd,2011-03-24,93.28,21.87,99.87,20.84,35.21,205,27.56,1,1,-55.17,2,"Blockbuster
Demand Stars"
PTC India Financial Services Ltd,2011-03-30,433.28,2.85,0.22,1.18,1.7,28,0.0,0,0,39.11,1,"Institutional
Heavyweights"
Shilpi Cable Technologies Ltd,2011-04-08,55.88,1.04,6.39,5.74,3.48,69,13.55,1,0,-98.41,0,"Retail-Driven
Weak Demand"
Muthoot Finance Ltd,2011-05-06,901.25,25.01,60.94,8.5,24.55,175,2.86,1,0,1356.29,2,"Blockbuster
Demand Stars"
Paramount Printpac Ltd,2011-05-09,45.83,0.33,3.28,9.31,3.92,35,0.0,0,0,-97.66,0,"Retail-Driven
Weak Demand"
Future Consumer Ltd,2011-05-10,750.0,0.26,7.81,0.61,1.52,10,-5.0,0,0,-95.5,0,"Retail-Driven
Weak Demand"
Servalakshmi Paper Ltd,2011-05-12,60.0,0.34,4.21,1.9,1.47,29,3.45,1,0,-95.41,0,"Retail-Driven
Weak Demand"
Innoventive Industries Ltd,2011-05-13,217.41,0.85,1.94,1.48,1.24,117,-5.98,0,0,-96.41,0,"Retail-Driven
Weak Demand"
BF Industrial & Technologies Ltd,2011-05-23,36.9,0.0,1.82,2.93,1.3,85,0.0,0,0,-80.59,0,"Retail-Driven
Weak Demand"
Dr. Datsons Labs Ltd,2011-05-27,117.0,0.14,2.65,1.84,1.11,234,-1.94,0,0,-97.31,0,"Retail-Driven
Weak Demand"
Power Finance Corporation Ltd,2011-05-27,4578.2,6.92,1.2,2.0,4.34,203,-2.66,0,0,106.53,1,"Institutional
Heavyweights"
VMS Industries Ltd,2011-06-14,25.75,0.0,1.11,3.41,1.36,40,9.88,1,0,-12.5,0,"Retail-Driven
Weak Demand"
Timbor Home Ltd,2011-06-22,23.25,0.65,3.22,14.22,5.78,63,14.29,1,0,-96.49,0,"Retail-Driven
Weak Demand"
Birla Pacific Medspa Ltd,2011-07-07,65.18,1.04,0.17,1.82,1.18,10,1.0,1,0,-97.2,0,"Retail-Driven
Weak Demand"
Rushil Decor Ltd,2011-07-07,40.64,0.23,1.35,6.57,2.62,72,12.85,1,0,-68.26,0,"Retail-Driven
Weak Demand"
Kridhan Infra Ltd,2011-07-13,34.75,0.03,1.37,4.18,1.68,108,6.48,1,0,-96.3,0,"Retail-Driven
Weak Demand"
Bharatiya Global Infomedia Ltd,2011-07-28,55.1,0.0,1.94,5.06,2.06,82,2.44,1,0,-96.17,0,"Retail-Driven
Weak Demand"
Inventure Growth & Securities Ltd,2011-08-04,81.9,0.25,9.49,8.66,4.58,117,1.71,1,0,-98.7,0,"Retail-Driven
Weak Demand"
L&T Finance Holdings Ltd,2011-08-12,1245.0,1.93,6.18,9.61,5.34,52,-1.92,0,0,280.0,0,"Retail-Driven
Weak Demand"
Tree House Education & Accessories Ltd,2011-08-26,112.06,1.02,1.68,2.76,1.85,135,-1.63,0,0,-95.04,0,"Retail-Driven
Weak Demand"
Brooks Laboratories Ltd,2011-09-05,63.0,0.0,2.82,3.36,1.6,100,10.0,1,0,53.35,0,"Retail-Driven
Weak Demand"
TD Power Systems Ltd,2011-09-08,227.0,6.52,0.38,0.38,2.92,256,-1.72,0,0,93.5,1,"Institutional
Heavyweights"
SRS Ltd,2011-09-16,203.0,0.75,5.11,0.32,1.25,58,-5.17,0,0,-99.67,0,"Retail-Driven
Weak Demand"
PG Electroplast Ltd,2011-09-26,120.65,0.98,1.84,1.64,1.34,210,-4.76,0,0,147.05,0,"Retail-Driven
Weak Demand"
Setubandhan Infrastructure Ltd,2011-10-04,60.0,0.31,2.76,4.68,2.21,138,5.07,1,0,-99.49,0,"Retail-Driven
Weak Demand"
RDB Rasayans Ltd,2011-10-07,35.55,0.0,0.75,3.96,1.5,79,7.59,1,0,113.92,0,"Retail-Driven
Weak Demand"
Onelife Capital Advisors Ltd,2011-10-17,36.85,1.02,0.93,2.5,1.53,110,4.55,1,0,-87.55,0,"Retail-Driven
Weak Demand"
Taksheel Solutions Ltd,2011-10-19,82.5,0.24,4.7,6.18,2.99,150,4.93,1,0,-97.83,0,"Retail-Driven
Weak Demand"
Flexituff Ventures International Ltd,2011-10-19,104.63,0.51,2.35,1.6,1.17,155,0.0,0,0,-85.29,0,"Retail-Driven
Weak Demand"
Ujaas Energy Ltd,2011-10-20,93.0,1.03,1.56,2.35,1.57,186,-3.23,0,0,89.62,0,"Retail-Driven
Weak Demand"
Vaswani Industries Ltd,2011-10-24,49.0,0.16,11.29,6.83,4.16,49,-31.73,0,0,7.86,0,"Retail-Driven
Weak Demand"
Indo Thai Securities Ltd,2011-11-02,29.6,0.0,0.02,3.35,1.18,74,1.35,1,0,129.86,0,"Retail-Driven
Weak Demand"
Multi Commodity Exchange of India Ltd,2012-03-09,663.31,49.12,150.35,24.14,54.13,1032,34.4,1,1,684.91,2,"Blockbuster
Demand Stars"
Olympic Cards Ltd,2012-03-28,24.75,0.0,3.44,1.36,0.99,30,-0.17,0,0,-90.0,0,"Retail-Driven
Weak Demand"
NBCC (India) Ltd,2012-04-12,124.97,7.07,1.7,3.4,4.93,106,-5.66,0,0,1.89,1,"Institutional
Heavyweights"
MT Educare Ltd,2012-04-12,99.0,6.01,8.0,2.17,4.8,80,7.56,1,0,-97.2,0,"Retail-Driven
Weak Demand"
Tribhovandas Bhimji Zaveri Ltd,2012-05-09,200.0,1.29,1.91,0.68,1.15,120,-4.17,0,0,60.38,0,"Retail-Driven
Weak Demand"
Speciality Restaurants Ltd,2012-05-30,176.09,4.68,2.19,0.55,2.54,150,2.0,1,0,-17.27,1,"Institutional
Heavyweights"
VKS Projects Ltd,2012-07-18,55.0,1.15,0.38,1.13,1.03,55,1.45,1,0,-99.93,0,"Retail-Driven
Weak Demand"
Tara Jewels Ltd,2012-12-06,179.5,1.49,3.1,2.05,1.98,230,5.22,1,0,-99.67,0,"Retail-Driven
Weak Demand"
CARE Ratings Ltd,2012-12-26,539.98,45.8,110.96,6.18,40.98,750,26.53,1,1,118.48,2,"Blockbuster
Demand Stars"
PC Jeweller Ltd,2012-12-27,601.31,7.33,18.12,1.68,6.85,135,0.37,1,0,-90.01,2,"Blockbuster
Demand Stars"
Indus Towers Ltd,2012-12-28,4172.76,2.84,0.29,0.19,1.3,220,-9.09,0,0,53.68,1,"Institutional
Heavyweights"
V-Mart Retail Ltd,2013-02-20,94.42,1.52,1.39,0.79,1.2,210,2.86,1,0,258.88,0,"Retail-Driven
Weak Demand"
Repco Home Finance Ltd,2013-04-01,270.23,3.39,0.35,0.51,1.65,172,-4.07,0,0,125.9,1,"Institutional
Heavyweights"
Just Dial Ltd,2013-06-05,919.14,10.12,22.34,3.53,11.63,530,11.32,1,0,56.05,2,"Blockbuster
Demand Stars"
Power Grid Corporation of India Ltd,2013-12-19,6958.64,115.9,40.34,6.77,64.82,90,7.89,1,0,217.5,1,"Institutional
Heavyweights"
Engineers India Ltd,2014-02-28,498.13,23.43,5.85,2.99,13.36,150,-0.07,0,0,34.0,1,"Institutional
Heavyweights"
Wonderla Holidays Ltd,2014-05-09,181.25,16.71,159.04,7.55,38.06,125,31.8,1,1,371.88,2,"Blockbuster
Demand Stars"
Snowman Logistics Ltd,2014-09-12,197.4,16.98,221.79,41.26,59.75,47,59.57,1,1,14.11,2,"Blockbuster
Demand Stars"
Sharda Cropchem Ltd,2014-09-23,351.86,32.06,251.35,5.85,59.97,156,62.88,1,1,524.13,2,"Blockbuster
Demand Stars"
Shemaroo Entertainment Ltd,2014-10-01,120.0,5.69,8.64,7.79,7.39,170,5.88,1,0,-31.76,0,"Retail-Driven
Weak Demand"
Monte Carlo Fashions Ltd,2014-12-19,350.43,13.96,1.71,6.96,7.83,645,-9.3,0,0,-14.79,1,"Institutional
Heavyweights"
Ortel Communications Ltd,2015-03-19,174.71,1.01,0.09,0.39,0.75,181,0.0,0,0,-99.22,1,"Institutional
Heavyweights"
Imagicaaworld Entertainment Ltd,2015-04-06,374.59,1.17,0.7,1.37,1.11,180,-6.69,0,0,-66.32,0,"Retail-Driven
Weak Demand"
Inox Wind Ltd,2015-04-09,1020.53,35.68,35.38,2.15,18.6,325,23.08,1,1,-56.91,1,"Institutional
Heavyweights"
VRL Logistics Ltd,2015-04-30,467.88,58.22,250.86,7.92,74.26,205,40.49,1,1,180.49,2,"Blockbuster
Demand Stars"
MEP Infrastructure Developers Ltd,2015-05-06,324.0,1.02,1.51,0.97,1.11,63,0.0,0,0,-97.38,0,"Retail-Driven
Weak Demand"
UFO Moviez India Ltd,2015-05-14,600.0,4.49,1.17,1.02,2.04,625,-4.0,0,0,-87.61,1,"Institutional
Heavyweights"
PNC Infratech Ltd,2015-05-26,488.44,4.51,0.65,0.28,1.56,378,0.79,1,0,-19.75,1,"Institutional
Heavyweights"
Manpasand Beverages Ltd,2015-07-09,400.0,1.98,0.38,1.16,1.4,320,-9.06,0,0,-98.08,1,"Institutional
Heavyweights"
Syngene International Ltd,2015-08-11,550.0,51.47,90.24,4.78,32.05,250,18.0,1,1,157.98,2,"Blockbuster
Demand Stars"
Power Mech Projects Ltd,2015-08-26,273.22,27.53,133.22,3.42,38.12,640,-6.25,0,0,386.41,2,"Blockbuster
Demand Stars"
Navkar Corporation Ltd,2015-09-09,600.0,6.47,0.9,1.62,2.85,155,-1.94,0,0,-22.9,1,"Institutional
Heavyweights"
Shree Pushkar Chemicals Ltd,2015-09-10,70.0,0.97,2.09,1.54,1.34,65,-7.69,0,0,514.23,0,"Retail-Driven
Weak Demand"
Pennar Engineered Building Systems Ltd,2015-09-10,156.19,2.2,1.44,0.41,1.15,178,-15.73,0,0,-64.13,1,"Institutional
Heavyweights"
Sadbhav Infrastructure Project Ltd,2015-09-16,491.66,3.04,1.66,1.68,2.24,103,7.52,1,0,-96.5,1,"Institutional
Heavyweights"
Madhyam Agrivet Industries Ltd,2015-09-21,362.57,0.88,1.42,0.34,0.77,115,0.0,0,0,-13.26,1,"Institutional
Heavyweights"
Coffee Day Enterprises Ltd,2015-11-02,1150.0,13.72,13.2,5.12,11.52,328,-4.57,0,0,-89.08,1,"Institutional
Heavyweights"
Interglobe Aviation Ltd,2015-11-10,3008.5,17.8,3.57,0.92,6.15,765,11.9,1,0,672.55,1,"Institutional
Heavyweights"
S H Kelkar & Company Ltd,2015-11-16,508.17,4.68,1.14,0.47,1.84,180,23.33,1,1,30.03,1,"Institutional
Heavyweights"
Alkem Laboratories Ltd,2015-12-23,1347.76,57.19,129.96,3.17,44.29,1050,31.43,1,1,371.18,2,"Blockbuster
Demand Stars"
Dr Lal Pathlabs Ltd,2015-12-23,631.91,63.56,61.28,4.24,33.41,550,30.36,1,1,489.98,2,"Blockbuster
Demand Stars"
Narayana Hrudayalaya Ltd,2016-01-06,613.08,24.43,3.62,1.89,8.7,250,16.4,1,1,618.78,1,"Institutional
Heavyweights"
Precision Camshafts Ltd,2016-02-08,410.19,2.62,0.73,2.01,1.91,186,-12.31,0,0,-6.4,1,"Institutional
Heavyweights"
Team Lease Services Ltd,2016-02-12,423.68,26.97,185.24,10.62,66.02,850,1.18,1,0,103.53,2,"Blockbuster
Demand Stars"
Quick Heal Technologies Ltd,2016-02-18,451.25,4.34,36.69,3.82,10.8,321,-5.0,0,0,-10.45,2,"Blockbuster
Demand Stars"
Healthcare Global Enterprises Ltd,2016-03-30,649.64,2.36,0.43,0.83,1.56,218,-3.76,0,0,202.29,1,"Institutional
Heavyweights"
Bharat Wire Ropes Ltd,2016-04-01,70.0,1.01,2.02,2.08,1.21,45,5.22,1,0,285.11,0,"Retail-Driven
Weak Demand"
Infibeam Avenues Ltd,2016-04-04,450.0,0.86,2.23,1.31,1.11,432,6.02,1,0,-96.51,0,"Retail-Driven
Weak Demand"
Equitas Holdings Ltd,2016-04-21,2176.69,14.93,57.29,1.4,17.21,110,30.91,1,1,9.0,2,"Blockbuster
Demand Stars"
Thyrocare Technologies Ltd,2016-05-09,479.21,73.18,225.3,8.73,73.55,446,48.43,1,1,202.02,2,"Blockbuster
Demand Stars"
Ujjivan Financial Services Ltd,2016-05-10,882.5,33.84,135.45,4.02,40.68,210,8.1,1,0,181.12,2,"Blockbuster
Demand Stars"
Parag Milk Foods Ltd,2016-05-19,750.54,1.15,3.08,2.12,1.83,215,0.33,1,0,2.84,0,"Retail-Driven
Weak Demand"
Mahanagar Gas Ltd,2016-07-01,1038.88,72.84,191.61,6.82,64.54,421,28.27,1,1,222.09,2,"Blockbuster
Demand Stars"
Quess Corp Ltd,2016-07-12,400.0,59.03,392.21,34.08,144.5,317,57.41,1,1,-12.78,2,"Blockbuster
Demand Stars"
LTIMindtree Ltd,2016-07-21,1236.38,19.91,10.76,7.39,11.69,710,-6.11,0,0,618.08,1,"Institutional
Heavyweights"
Advanced Enzyme Technologies Ltd,2016-08-01,411.49,94.03,393.1,11.67,116.02,896,35.04,1,1,-66.29,2,"Blockbuster
Demand Stars"
Dilip Buildcon Ltd,2016-08-11,653.98,9.76,79.64,2.35,20.95,219,9.59,1,0,116.76,2,"Blockbuster
Demand Stars"
S P Apparels Ltd,2016-08-12,239.12,1.0,0.45,0.54,0.66,268,13.81,1,0,203.88,1,"Institutional
Heavyweights"
RBL Bank Ltd,2016-08-31,1212.97,85.08,198.06,5.7,69.62,225,21.64,1,1,14.8,2,"Blockbuster
Demand Stars"
L&T Technology Services Ltd,2016-09-23,894.4,5.01,1.03,1.75,2.53,860,4.65,1,0,386.41,1,"Institutional
Heavyweights"
GNA Axles Ltd,2016-09-26,130.41,17.18,217.47,11.84,54.88,207,20.05,1,1,46.62,2,"Blockbuster
Demand Stars"
ICICI Prudential Life Insurance Company Ltd,2016-09-29,6056.79,11.83,28.55,1.42,10.48,334,-1.5,0,0,83.91,1,"Institutional
Heavyweights"
HPL Electric & Power Ltd,2016-10-04,361.0,5.77,22.2,3.31,8.06,202,-5.92,0,0,189.85,0,"Retail-Driven
Weak Demand"
Endurance Technologies Ltd,2016-10-19,1161.73,53.43,127.07,2.69,43.84,472,20.76,1,1,436.65,2,"Blockbuster
Demand Stars"
PNB Housing Finance Ltd,2016-11-07,3000.0,37.33,86.17,1.35,29.55,775,11.35,1,0,-0.77,2,"Blockbuster
Demand Stars"
Varun Beverages Ltd,2016-11-08,1112.5,4.94,0.42,0.82,1.86,445,-3.37,0,0,15.3,1,"Institutional
Heavyweights"
Sheela Foam Ltd,2016-12-09,510.0,14.51,3.35,0.44,5.09,730,17.81,1,1,-8.97,1,"Institutional
Heavyweights"
Laurus Labs Ltd,2016-12-19,1330.51,10.54,3.58,1.67,4.57,428,14.49,1,0,92.03,1,"Institutional
Heavyweights"
BSE Ltd (Bombay Stock Exchange),2017-02-03,1243.43,48.64,159.03,6.48,51.22,806,34.62,1,1,,2,"Blockbuster
Demand Stars"
Music Broadcast Ltd,2017-03-17,488.53,39.78,109.13,9.85,39.67,333,26.13,1,1,-97.5,2,"Blockbuster
Demand Stars"
Avenue Supermarts Ltd (DMart),2017-03-21,1870.0,144.62,277.74,7.51,104.59,299,102.14,1,1,1318.01,2,"Blockbuster
Demand Stars"
CL Educate Ltd,2017-03-31,238.95,3.65,0.21,1.63,1.9,502,-20.72,0,0,-78.78,1,"Institutional
Heavyweights"
Shankara Building Products Ltd,2017-04-05,345.0,51.62,90.68,15.35,41.88,460,18.48,1,1,139.24,2,"Blockbuster
Demand Stars"
S Chand & Company Ltd,2017-05-09,728.6,44.27,204.65,6.07,59.49,670,5.52,1,0,-72.22,2,"Blockbuster
Demand Stars"
IRB InvIT Fund,2017-05-18,5032.88,10.81,5.89,0.0,8.57,102,1.23,1,0,-38.04,1,"Institutional
Heavyweights"
Housing & Urban Development Corporation Ltd,2017-05-19,1209.78,55.45,330.36,10.79,79.53,60,22.42,1,1,252.42,2,"Blockbuster
Demand Stars"
PSP Projects Ltd,2017-05-29,211.68,8.38,10.39,6.47,8.58,210,-5.24,0,0,217.14,0,"Retail-Driven
Weak Demand"
IndiGrid Infrastructure Fund,2017-06-06,2249.96,1.14,1.6,0.0,1.35,100,0.0,0,0,57.89,1,"Institutional
Heavyweights"
Tejas Networks Ltd,2017-06-27,776.69,2.16,0.48,3.1,1.88,257,0.0,0,0,117.57,0,"Retail-Driven
Weak Demand"
ERIS Lifesciences Ltd,2017-06-29,1741.16,4.68,0.45,3.51,3.29,603,1.49,1,0,179.0,1,"Institutional
Heavyweights"
Central Depository Services Ltd,2017-06-30,523.99,148.71,563.03,23.83,170.16,149,67.79,1,1,,2,"Blockbuster
Demand Stars"
GTPL Hathway Ltd,2017-07-04,484.8,1.48,2.85,0.99,1.53,170,0.0,0,0,-30.65,0,"Retail-Driven
Weak Demand"
AU Small Finance Bank Ltd,2017-07-10,1912.51,78.77,143.51,3.52,53.6,358,46.65,1,1,104.86,2,"Blockbuster
Demand Stars"
Salasar Techno Engineering Ltd,2017-07-25,35.87,0.0,2.59,19.42,11.01,108,139.95,1,1,-93.47,0,"Retail-Driven
Weak Demand"
SIS Ltd,2017-08-10,779.58,5.64,1.66,19.51,7.07,815,7.36,1,0,-54.85,0,"Retail-Driven
Weak Demand"
Cochin Shipyard Ltd,2017-08-11,1442.01,63.52,288.87,8.51,76.19,432,0.69,1,0,283.09,2,"Blockbuster
Demand Stars"
Apex Frozen Foods Ltd,2017-09-04,152.25,1.91,7.82,8.53,6.14,175,14.23,1,0,33.4,0,"Retail-Driven
Weak Demand"
Dixon Technologies (India) Ltd,2017-09-18,599.28,134.66,345.61,10.6,117.83,1766,54.3,1,1,801.7,2,"Blockbuster
Demand Stars"
Bharat Road Network Ltd,2017-09-18,600.65,1.33,1.63,5.69,1.81,205,-0.05,0,0,-91.02,0,"Retail-Driven
Weak Demand"
Matrimony.com Ltd,2017-09-21,496.88,1.88,0.41,18.16,4.44,985,0.0,0,0,-48.16,0,"Retail-Driven
Weak Demand"
Capacit'e Infraprojects Ltd,2017-09-25,400.0,131.32,638.05,17.57,183.03,250,59.6,1,1,16.4,2,"Blockbuster
Demand Stars"
ICICI Lombard General Insurance Company Ltd,2017-09-27,5700.94,8.17,0.83,1.23,2.98,661,-1.66,0,0,187.07,1,"Institutional
Heavyweights"
SBI Life Insurance Company Ltd,2017-10-03,8386.4,12.56,0.7,0.85,3.58,700,4.76,1,0,163.31,1,"Institutional
Heavyweights"
Prataap Snacks Ltd,2017-10-05,481.56,76.89,101.15,8.48,47.39,938,33.26,1,1,-3.58,2,"Blockbuster
Demand Stars"
Godrej Agrovet Ltd,2017-10-16,1157.31,150.96,236.04,7.67,95.41,460,35.0,1,1,72.8,2,"Blockbuster
Demand Stars"
MAS Financial Services Ltd,2017-10-18,460.04,148.33,378.53,15.97,128.39,459,43.79,1,1,-34.24,2,"Blockbuster
Demand Stars"
Indian Energy Exchange Ltd,2017-10-23,1000.73,2.56,0.85,2.61,2.28,1650,-9.09,0,0,-91.65,1,"Institutional
Heavyweights"
General Insurance Corporation of India Ltd,2017-10-25,11175.8,2.25,0.22,0.63,1.38,912,-6.8,0,0,-56.56,1,"Institutional
Heavyweights"
Nippon Life India Asset Management Ltd,2017-11-06,1542.24,118.4,209.44,5.65,81.54,252,16.67,1,1,219.84,2,"Blockbuster
Demand Stars"
Mahindra Logistics Ltd,2017-11-10,828.88,15.6,2.07,6.1,7.9,429,0.7,1,0,-23.89,1,"Institutional
Heavyweights"
New India Assurance Company Ltd,2017-11-13,9466.98,2.34,0.12,0.11,1.19,800,-6.39,0,0,-76.58,1,"Institutional
Heavyweights"
Khadim India Ltd,2017-11-14,543.06,2.44,0.18,2.33,1.9,750,-3.07,0,0,-65.1,1,"Institutional
Heavyweights"
HDFC Life Insurance Company Ltd,2017-11-17,8695.0,16.6,2.29,0.94,4.9,290,7.24,1,0,162.57,1,"Institutional
Heavyweights"
Shalby Ltd,2017-12-15,504.8,4.34,0.42,2.98,2.82,248,-4.44,0,0,-17.68,1,"Institutional
Heavyweights"
Future Supply Chain Solutions Ltd,2017-12-18,649.7,12.36,11.15,3.28,7.56,664,1.51,1,0,-99.64,1,"Institutional
Heavyweights"
Astron Paper & Board Mill Ltd,2017-12-29,69.83,103.36,396.99,77.93,243.29,50,128.0,1,1,-70.5,2,"Blockbuster
Demand Stars"
Apollo Micro Systems Ltd,2018-01-22,156.0,101.93,958.07,40.19,248.51,275,73.82,1,1,-32.62,2,"Blockbuster
Demand Stars"
Newgen Software Technologies Ltd,2018-01-29,424.62,15.62,5.52,5.18,8.25,245,3.27,1,0,254.45,1,"Institutional
Heavyweights"
Amber Enterprises India Ltd,2018-01-30,599.57,174.99,519.26,11.65,165.42,859,37.37,1,1,698.04,2,"Blockbuster
Demand Stars"
Galaxy Surfactants Ltd,2018-02-08,937.09,54.27,6.96,6.01,20.0,1480,2.7,1,0,61.15,1,"Institutional
Heavyweights"
Aster DM Healthcare Ltd,2018-02-26,980.14,2.1,0.55,1.18,1.31,190,-4.16,0,0,210.18,1,"Institutional
Heavyweights"
H.G. Infra Engineering Ltd,2018-03-09,462.0,8.37,4.97,3.08,4.98,270,0.0,0,0,268.52,1,"Institutional
Heavyweights"
Bharat Dynamics Ltd,2018-03-23,952.79,1.5,0.5,1.41,1.3,428,-15.89,0,0,244.86,1,"Institutional
Heavyweights"
Bandhan Bank Ltd,2018-03-27,4473.02,38.67,13.89,1.2,14.63,375,29.33,1,1,-55.41,1,"Institutional
Heavyweights"
Hindustan Aeronautics Ltd (HAL),2018-03-28,4113.13,1.73,0.03,0.39,0.99,1215,-3.79,0,0,256.79,1,"Institutional
Heavyweights"
Sandhar Technologies Ltd,2018-04-02,512.48,14.49,6.39,1.42,6.19,332,3.92,1,0,27.21,1,"Institutional
Heavyweights"
Dharan Infra EPC Ltd,2018-04-02,77.4,1.55,3.44,2.01,2.54,180,-24.44,0,0,-99.74,0,"Retail-Driven
Weak Demand"
Mishra Dhatu Nigam Ltd (MIDHANI),2018-04-04,435.02,1.96,0.13,0.72,1.21,90,-3.33,0,0,333.22,1,"Institutional
Heavyweights"
ICICI Securities Ltd,2018-04-04,3514.85,1.04,0.36,0.88,0.78,520,-17.1,0,0,72.25,1,"Institutional
Heavyweights"
Lemon Tree Hotels Ltd,2018-04-09,1038.68,3.89,0.12,0.12,1.19,56,10.0,1,0,159.82,1,"Institutional
Heavyweights"
Indostar Capital Finance Ltd,2018-05-21,1844.0,16.08,6.91,1.48,6.8,572,4.9,1,0,-51.89,1,"Institutional
Heavyweights"
Rites Ltd,2018-07-02,460.51,71.72,194.56,15.74,67.24,185,2.7,1,0,35.86,2,"Blockbuster
Demand Stars"
Fine Organic Industries Ltd,2018-07-02,600.17,12.86,21.01,1.62,8.99,783,4.09,1,0,517.93,1,"Institutional
Heavyweights"
Varroc Engineering Ltd,2018-07-06,1954.96,9.16,2.45,0.95,3.59,967,6.72,1,0,-46.23,1,"Institutional
Heavyweights"
TCNS Clothing Co. Ltd,2018-07-30,1125.13,13.47,5.08,0.67,5.27,716,-0.14,0,0,-18.45,1,"Institutional
Heavyweights"
HDFC Asset Management Company Ltd,2018-08-06,2800.33,192.26,195.15,6.73,83.06,1100,58.09,1,1,399.13,2,"Blockbuster
Demand Stars"
CreditAccess Grameen Ltd,2018-08-23,1131.19,5.52,0.98,0.88,2.22,422,-8.77,0,0,203.55,1,"Institutional
Heavyweights"
Ircon International Ltd,2018-09-28,466.94,12.29,4.92,10.07,9.9,475,-13.62,0,0,-64.79,1,"Institutional
Heavyweights"
AAVAS Financiers Ltd,2018-10-08,1640.32,2.77,0.26,0.25,0.97,821,-7.67,0,0,108.69,1,"Institutional
Heavyweights"
Garden Reach Shipbuilders & Engineers Ltd,2018-10-10,343.59,1.81,0.31,0.24,1.02,118,-11.86,0,0,2031.99,1,"Institutional
Heavyweights"
Xelpmoc Design and Technologies Ltd,2019-02-04,23.0,1.24,7.69,2.64,3.25,66,-15.15,0,0,38.98,0,"Retail-Driven
Weak Demand"
Chalet Hotels Ltd,2019-02-07,1641.18,4.66,1.1,0.03,1.57,280,3.93,1,0,214.0,1,"Institutional
Heavyweights"
MSTC Ltd,2019-03-29,211.04,0.29,1.71,2.18,0.7,120,-7.5,0,0,292.42,0,"Retail-Driven
Weak Demand"
Embassy Office Parks REIT,2019-04-01,4750.0,2.15,3.09,0.0,2.57,300,0.0,0,0,28.33,1,"Institutional
Heavyweights"
Rail Vikas Nigam Ltd,2019-04-11,477.11,1.36,0.8,2.93,1.83,19,0.0,0,0,1713.42,0,"Retail-Driven
Weak Demand"
Metropolis Healthcare Ltd,2019-04-15,1204.29,8.88,3.03,2.21,5.84,880,9.09,1,0,134.18,1,"Institutional
Heavyweights"
Polycab India Ltd,2019-04-16,1345.26,92.44,110.42,4.65,51.96,538,17.66,1,1,1135.88,2,"Blockbuster
Demand Stars"
Neogen Chemicals Ltd,2019-05-08,132.35,30.49,113.88,16.06,41.18,215,16.74,1,1,560.47,2,"Blockbuster
Demand Stars"
Indiamart Intermesh Ltd,2019-07-04,475.59,14.92,15.78,3.03,12.95,973,21.27,1,1,164.54,1,"Institutional
Heavyweights"
Affle (India) Ltd,2019-08-08,459.0,55.31,198.69,10.96,86.49,745,24.82,1,1,165.14,2,"Blockbuster
Demand Stars"
Spandana Sphoorty Financial Ltd,2019-08-19,1189.85,3.11,0.55,0.09,1.05,856,-3.74,0,0,-71.0,1,"Institutional
Heavyweights"
Sterling and Wilson Solar Ltd,2019-08-20,2849.64,1.02,0.89,0.3,0.85,780,-10.26,0,0,-63.85,1,"Institutional
Heavyweights"
Indian Railway Catering and Tourism Corporation Ltd,2019-10-14,637.97,108.79,354.52,14.94,111.95,320,101.25,1,1,127.08,2,"Blockbuster
Demand Stars"
Vishwaraj Sugar Industries Ltd,2019-10-15,60.0,1.0,1.76,0.64,1.12,60,2.0,1,0,-85.17,0,"Retail-Driven
Weak Demand"
CSB Bank Ltd,2019-12-04,409.68,62.18,164.68,44.53,86.93,195,41.03,1,1,111.69,2,"Blockbuster
Demand Stars"
Ujjivan Small Finance Bank Ltd,2019-12-12,745.95,110.72,473.0,49.09,165.69,37,56.76,1,1,16.95,2,"Blockbuster
Demand Stars"
Prince Pipes and Fittings Ltd,2019-12-30,500.0,3.54,1.21,1.89,2.21,178,-10.11,0,0,63.68,1,"Institutional
Heavyweights"
SBI Cards & Payment Services Ltd,2020-03-16,10340.8,57.18,45.23,2.5,26.54,755,-12.85,0,0,5.68,1,"Institutional
Heavyweights"
Rossari Biotech Ltd,2020-07-23,496.25,85.26,239.83,7.23,79.37,425,57.65,1,1,49.66,2,"Blockbuster
Demand Stars"
Yes Bank Ltd,2020-07-27,15000.0,1.9,0.63,0.47,0.93,12,2.5,1,0,56.58,1,"Institutional
Heavyweights"
Mindspace Business Parks REIT,2020-08-07,4500.0,13.72,13.2,5.12,11.52,275,10.55,1,0,50.93,1,"Institutional
Heavyweights"
Happiest Minds Technologies Ltd,2020-09-17,702.02,77.43,351.46,70.94,150.98,166,111.45,1,1,250.18,2,"Blockbuster
Demand Stars"
Route Mobile Ltd,2020-09-21,600.0,89.76,192.81,12.67,73.3,350,102.29,1,1,149.96,2,"Blockbuster
Demand Stars"
Chemcon Speciality Chemicals Ltd,2020-10-01,318.0,113.54,449.14,41.21,149.33,340,114.99,1,1,-31.78,2,"Blockbuster
Demand Stars"
Computer Age Management Services Ltd,2020-10-01,2242.11,73.18,111.85,5.55,46.99,1230,23.41,1,1,208.44,2,"Blockbuster
Demand Stars"
Angel One Ltd,2020-10-05,600.0,3.07,0.11,1.83,1.81,306,-10.13,0,0,726.0,1,"Institutional
Heavyweights"
Mazagon Dock Shipbuilders Ltd,2020-10-12,443.69,89.71,678.88,35.63,157.41,145,49.14,1,1,1760.9,2,"Blockbuster
Demand Stars"
UTI Asset Management Company Ltd,2020-10-12,2159.88,3.34,0.93,2.32,2.31,554,-11.51,0,0,140.27,1,"Institutional
Heavyweights"
Likhitha Infrastructure Ltd,2020-10-15,61.2,21.99,1.54,23.71,9.51,120,8.42,1,0,111.33,0,"Retail-Driven
Weak Demand"
Equitas Small Finance Bank Ltd,2020-11-02,517.6,3.91,0.22,2.08,1.95,33,-6.06,0,0,66.67,1,"Institutional
Heavyweights"
Gland Pharma Ltd,2020-11-20,6479.55,6.4,0.51,0.24,2.06,1500,13.4,1,0,28.68,1,"Institutional
Heavyweights"
Restaurant Brands Asia Ltd,2020-12-14,810.0,86.64,354.11,68.15,156.65,60,92.25,1,1,29.95,2,"Blockbuster
Demand Stars"
Mrs Bectors Food Specialities Ltd,2020-12-24,540.54,176.85,620.86,29.33,198.02,288,73.96,1,1,400.42,2,"Blockbuster
Demand Stars"
Antony Waste Handling Cell Ltd,2021-01-01,299.99,0.89,0.26,0.37,0.49,315,36.51,1,1,84.59,1,"Institutional
Heavyweights"
Indian Railway Finance Corporation Limited,2021-01-29,4633.38,3.78,2.67,3.66,3.49,26,-3.85,0,0,386.15,1,"Institutional
Heavyweights"
Indigo Paints Limited,2021-02-02,1169.12,189.57,263.05,15.93,117.02,1490,75.0,1,1,-25.78,2,"Blockbuster
Demand Stars"
Home First Finance Company India Limited,2021-02-03,1153.72,52.53,39.0,6.59,26.66,518,18.18,1,1,140.59,1,"Institutional
Heavyweights"
Stove Kraft Limited,2021-02-05,412.63,8.02,32.72,26.04,18.03,385,21.3,1,1,52.64,0,"Retail-Driven
Weak Demand"
Brookfield India Real Estate Trust,2021-02-16,3800.0,4.78,11.74,0.0,7.94,275,0.02,1,0,13.99,1,"Institutional
Heavyweights"
Nureca Limited,2021-02-25,100.0,3.1,31.59,166.65,39.93,400,58.74,1,1,-40.49,0,"Retail-Driven
Weak Demand"
Railtel Corporation of India Limited,2021-02-26,819.24,65.14,73.25,16.78,42.39,94,11.28,1,0,272.39,2,"Blockbuster
Demand Stars"
Heranba Industries Limited,2021-03-05,625.24,67.45,271.15,11.84,83.29,627,43.54,1,1,-43.68,2,"Blockbuster
Demand Stars"
MTAR Technologies Limited,2021-03-15,596.41,164.99,650.79,28.4,200.79,575,85.03,1,1,156.52,2,"Blockbuster
Demand Stars"
Easy Trip Planners Limited,2021-03-19,510.0,77.53,382.21,70.4,159.33,187,10.16,1,0,-95.05,2,"Blockbuster
Demand Stars"
Anupam Rasayan India Limited,2021-03-24,760.0,65.74,97.42,10.77,44.06,555,-3.66,0,0,104.56,2,"Blockbuster
Demand Stars"
Laxmi Organic Industries Limited,2021-03-25,600.0,175.43,217.62,20.06,106.79,130,20.15,1,1,41.15,2,"Blockbuster
Demand Stars"
Craftsman Automation Limited,2021-03-25,823.7,5.21,2.84,3.43,3.81,1490,-9.4,0,0,359.39,1,"Institutional
Heavyweights"
Kalyan Jewellers India Limited,2021-03-26,1174.82,2.76,1.91,2.82,2.61,87,-15.06,0,0,499.25,1,"Institutional
Heavyweights"
Suryoday Small Finance Bank Limited,2021-03-26,580.84,2.18,1.31,3.09,2.37,305,-3.93,0,0,-59.59,0,"Retail-Driven
Weak Demand"
Nazara Technologies Limited,2021-03-30,582.69,103.77,389.89,75.29,175.46,1101,79.02,1,1,28.6,2,"Blockbuster
Demand Stars"
Barbeque Nation Hospitality Limited,2021-04-07,452.87,5.11,3.1,13.13,5.98,500,-1.6,0,0,-48.73,0,"Retail-Driven
Weak Demand"
Macrotech Developers Limited (Lodha Group),2021-04-19,2500.0,3.05,1.44,0.4,1.36,486,-9.67,0,0,151.54,1,"Institutional
Heavyweights"
Powergrid Infrastructure Investment Trust,2021-05-14,7734.99,4.63,5.07,0.0,4.83,100,4.0,1,0,-8.75,1,"Institutional
Heavyweights"
Shyam Metalics and Energy Limited,2021-06-24,908.55,155.71,339.98,11.58,121.4,306,19.93,1,1,208.71,2,"Blockbuster
Demand Stars"
Sona BLW Precision Forgings Limited,2021-06-24,5550.0,3.46,0.39,1.57,2.28,291,3.92,1,0,53.9,1,"Institutional
Heavyweights"
Krishna Institute of Medical Sciences Limited,2021-06-28,2143.74,5.26,1.89,2.9,3.86,825,22.29,1,1,-11.53,1,"Institutional
Heavyweights"
Dodla Dairy Limited,2021-06-28,520.18,84.88,73.26,11.33,45.61,428,23.36,1,1,203.5,2,"Blockbuster
Demand Stars"
India Pesticides Limited,2021-07-05,800.0,42.95,51.88,11.3,29.04,296,21.62,1,1,-25.74,2,"Blockbuster
Demand Stars"
G R Infraprojects Limited,2021-07-19,962.33,75.4,165.03,7.69,59.1,837,103.11,1,1,48.43,2,"Blockbuster
Demand Stars"
Clean Science and Technology Limited,2021-07-19,1546.62,70.31,110.28,5.71,46.57,900,98.27,1,1,30.54,2,"Blockbuster
Demand Stars"
Eternal Limited,2021-07-23,9375.0,51.79,32.96,7.45,38.25,76,51.32,1,1,302.11,1,"Institutional
Heavyweights"
Tatva Chintan Pharma Chem Limited,2021-07-29,500.0,185.23,512.22,35.35,180.36,1083,95.0,1,1,-4.32,2,"Blockbuster
Demand Stars"
Alivus Life Sciences Limited,2021-08-06,1513.6,36.97,122.54,14.63,44.17,720,4.32,1,0,30.24,2,"Blockbuster
Demand Stars"
Rolex Rings Limited,2021-08-09,731.1,143.58,360.11,24.49,130.44,900,38.78,1,1,53.29,2,"Blockbuster
Demand Stars"
Krsnaa Diagnostics Limited,2021-08-16,1213.34,49.83,116.3,42.04,64.4,954,7.44,1,0,-12.37,2,"Blockbuster
Demand Stars"
Exxaro Tiles Limited,2021-08-16,160.77,17.67,5.36,40.1,22.68,120,5.0,1,0,-93.46,0,"Retail-Driven
Weak Demand"
Windlas Biotech Limited,2021-08-16,401.54,24.4,15.73,24.27,22.47,460,-4.57,0,0,101.98,1,"Institutional
Heavyweights"
Devyani International Limited,2021-08-16,1838.0,95.27,213.06,39.52,116.71,90,56.67,1,1,71.72,2,"Blockbuster
Demand Stars"
CarTrade Tech Limited,2021-08-20,2998.51,35.45,41.0,2.75,20.29,1618,-1.11,0,0,41.0,1,"Institutional
Heavyweights"
Nuvoco Vistas Corporation Limited,2021-08-23,5000.0,4.23,0.66,0.73,1.71,570,-17.37,0,0,-20.92,1,"Institutional
Heavyweights"
Chemplast Sanmar Limited,2021-08-24,3850.0,2.7,1.03,2.29,2.17,541,-2.96,0,0,-24.37,1,"Institutional
Heavyweights"
Aptus Value Housing Finance India Limited,2021-08-24,2780.05,32.41,33.91,1.35,17.2,353,-6.53,0,0,-4.63,1,"Institutional
Heavyweights"
Acutaas Chemicals Limited,2021-09-14,569.64,86.64,154.81,13.36,64.54,610,47.87,1,1,113.23,2,"Blockbuster
Demand Stars"
Vijaya Diagnostic Centre Limited,2021-09-14,1894.26,13.07,1.32,1.09,4.54,531,2.13,1,0,98.78,1,"Institutional
Heavyweights"
Sansera Engineering Limited,2021-09-24,1282.52,0.29,0.07,0.87,0.53,744,9.05,1,0,71.73,0,"Retail-Driven
Weak Demand"
Paras Defence and Space Technologies Limited,2021-10-01,170.78,169.65,927.7,112.81,304.26,175,171.43,1,1,272.6,2,"Blockbuster
Demand Stars"
Aditya Birla Sun Life AMC Limited,2021-10-11,2768.26,10.36,4.39,3.24,5.24,712,0.0,0,0,19.09,1,"Institutional
Heavyweights"
FSN E Commerce Ventures Limited (Nykaa),2021-11-10,5349.72,91.18,112.02,12.24,81.78,1125,77.87,1,1,-81.96,2,"Blockbuster
Demand Stars"
Fino Payments Bank Limited,2021-11-12,1200.29,1.65,0.21,5.92,2.03,577,-5.03,0,0,-56.4,0,"Retail-Driven
Weak Demand"
Sigachi Industries Limited,2021-11-15,125.43,86.51,172.43,80.49,101.91,163,252.76,1,1,-80.6,2,"Blockbuster
Demand Stars"
S.J.S Enterprises Limited,2021-11-15,800.0,1.42,2.32,1.38,1.59,542,-0.37,0,0,118.48,1,"Institutional
Heavyweights"
PB Fintech,2021-11-15,5709.72,24.89,7.82,3.31,16.59,980,17.35,1,1,86.81,1,"Institutional
Heavyweights"
One97 Communications,2021-11-18,18300.0,2.79,0.24,1.66,1.89,2150,-9.07,0,0,-48.68,1,"Institutional
Heavyweights"
Sapphire Foods India,2021-11-18,2073.25,7.5,3.46,8.7,6.62,1180,11.1,1,0,-72.78,1,"Institutional
Heavyweights"
Latent View Analytics,2021-11-23,600.0,145.48,850.66,119.44,326.49,197,169.04,1,1,101.78,2,"Blockbuster
Demand Stars"
Tarsons Products,2021-11-26,1023.47,115.77,184.58,10.56,77.49,662,5.74,1,0,-43.75,2,"Blockbuster
Demand Stars"
Go Fashion (India) Limited,2021-11-30,1013.61,100.73,262.08,49.7,135.46,690,90.72,1,1,1.57,2,"Blockbuster
Demand Stars"
Star Health and Allied Insurance Company Limited,2021-12-10,6400.44,1.03,0.19,1.1,0.79,900,-5.69,0,0,-51.52,1,"Institutional
Heavyweights"
Tega Industries Limited,2021-12-13,619.23,215.45,666.19,29.44,219.04,453,66.23,1,1,297.69,2,"Blockbuster
Demand Stars"
Anand Rathi Wealth Limited,2021-12-14,659.38,2.5,25.42,7.76,9.78,550,9.46,1,0,397.46,0,"Retail-Driven
Weak Demand"
Rategain Travel Technologies Limited,2021-12-17,1335.74,8.42,42.04,8.08,17.41,425,-14.16,0,0,13.46,2,"Blockbuster
Demand Stars"
Shriram Properties Limited,2021-12-20,600.0,1.85,4.82,12.72,4.6,118,-20.34,0,0,-23.47,0,"Retail-Driven
Weak Demand"
C.E. Info Systems Limited (MapmyIndia),2021-12-21,1039.61,196.36,424.69,15.2,154.71,1033,53.05,1,1,74.11,2,"Blockbuster
Demand Stars"
MedPlus Health Services Limited,2021-12-23,1398.3,111.9,85.33,5.24,52.59,796,27.51,1,1,1.9722,2,"Blockbuster
Demand Stars"
Data Patterns (India) Limited,2021-12-24,588.22,190.86,254.22,23.14,119.62,585,47.69,1,1,331.31,2,"Blockbuster
Demand Stars"
HP Adhesives Limited,2021-12-27,125.96,1.82,19.04,81.24,20.96,274,16.42,1,1,-83.21,0,"Retail-Driven
Weak Demand"
Supriya Lifescience Limited,2021-12-28,700.0,31.83,161.22,56.01,71.51,274,55.11,1,1,139.73,2,"Blockbuster
Demand Stars"
CMS Info Systems Limited,2021-12-31,1100.0,1.98,1.45,2.15,1.95,216,1.16,1,0,102.62,1,"Institutional
Heavyweights"
AGS Transact Technologies Limited,2022-01-31,680.0,2.68,25.61,3.08,7.79,175,0.57,1,0,-97.02,2,"Blockbuster
Demand Stars"
AWL Agri Business Limited (formerly Adani Wilmar Limited),2022-02-08,3600.0,5.73,56.3,3.92,17.37,230,-3.91,0,0,10.43,2,"Blockbuster
Demand Stars"
Vedant Fashions Limited,2022-02-16,3149.19,7.49,1.07,0.39,2.57,866,8.08,1,0,-14.32,1,"Institutional
Heavyweights"
Uma Exports Limited,2022-04-07,60.0,2.81,0.94,6.28,4.64,68,17.65,1,1,-31.99,0,"Retail-Driven
Weak Demand"
Patanjali Foods Limited (formerly Ruchi Soya Industries Limited),2022-04-08,4300.0,2.2,11.75,0.9,3.6,650,30.77,1,1,178.75,2,"Blockbuster
Demand Stars"
Veranda Learning Solutions Limited,2022-04-11,200.0,2.02,2.09,5.68,2.24,137,14.6,1,0,66.97,0,"Retail-Driven
Weak Demand"
Hariom Pipe Industries Limited,2022-04-13,130.05,1.91,2.68,6.92,3.57,153,39.87,1,1,235.49,0,"Retail-Driven
Weak Demand"
Campus Activewear (India) Limited,2022-05-09,1399.6,152.04,10.68,4.73,28.55,292,21.58,1,1,-10.75,1,"Institutional
Heavyweights"
Rainbow Children’s Medicare Limited,2022-05-10,1580.85,38.9,1.37,0.7,5.25,542,-6.64,0,0,183.19,1,"Institutional
Heavyweights"
Life Insurance Corporation of India (LIC),2022-05-17,20557.2,2.83,1.39,1.14,1.64,949,-8.62,0,0,-3.19,1,"Institutional
Heavyweights"
Prudent Corporate Advisory Services Limited,2022-05-20,537.94,1.26,0.74,0.61,0.81,630,4.76,1,0,323.12,1,"Institutional
Heavyweights"
Venus Pipes & Tubes Limited,2022-05-24,165.42,12.02,6.59,11.12,8.69,326,2.76,1,0,315.95,0,"Retail-Driven
Weak Demand"
Delhivery Limited,2022-05-24,5235.0,2.66,0.27,0.31,0.39,487,1.23,1,0,-4.54,1,"Institutional
Heavyweights"
Paradeep Phosphates Limited,2022-05-27,1501.73,3.01,0.32,0.8,0.83,42,3.69,1,0,420.12,1,"Institutional
Heavyweights"
Ethos Limited,2022-05-30,402.26,1.06,0.76,0.32,0.61,878,-5.47,0,0,216.77,1,"Institutional
Heavyweights"
eMudhra Ltd,2022-06-01,412.79,4.05,1.28,2.61,2.72,256,5.86,1,0,197.66,1,"Institutional
Heavyweights"
Aether Industries,2022-06-03,808.04,17.57,1.33,0.59,2.91,642,9.99,1,0,13.93,1,"Institutional
Heavyweights"
Syrma SGS Technologies,2022-08-26,840.13,87.56,7.13,2.84,15.59,220,19.09,1,1,217.73,1,"Institutional
Heavyweights"
Dreamfolks Services,2022-09-06,562.1,70.53,37.66,43.66,56.68,326,54.91,1,1,-55.86,2,"Blockbuster
Demand Stars"
Tamilnad Mercantile,2022-09-15,807.84,1.62,2.94,6.48,2.86,510,0.0,0,0,-15.78,0,"Retail-Driven
Weak Demand"
Harsha Engineers,2022-09-26,755.0,178.26,40.36,12.44,47.19,330,34.55,1,1,25.76,1,"Institutional
Heavyweights"
Electronics Mart India,2022-10-17,500.0,169.54,63.59,19.72,71.93,59,51.53,1,1,102.37,2,"Blockbuster
Demand Stars"
Tracxn Technologies,2022-10-20,309.38,1.66,0.23,2.39,0.71,80,3.75,1,0,-33.99,0,"Retail-Driven
Weak Demand"
DCX Systems Ltd,2022-11-11,500.0,84.32,43.97,61.77,69.79,207,38.29,1,1,21.62,2,"Blockbuster
Demand Stars"
Fusion Finance Ltd,2022-11-15,1103.99,8.59,1.38,0.51,2.95,368,-2.04,0,0,-58.14,1,"Institutional
Heavyweights"
Global Health Limited,2022-11-16,2205.57,28.64,4.02,0.88,9.58,336,18.5,1,1,310.98,1,"Institutional
Heavyweights"
Bikaji Foods International Limited,2022-11-16,880.85,80.63,7.1,4.77,26.67,300,7.05,1,0,141.98,1,"Institutional
Heavyweights"
Five Star Business Finance Limited,2022-11-21,1588.51,1.77,0.61,0.11,0.7,474,-5.07,0,0,21.5,1,"Institutional
Heavyweights"
Archean Chemical Industries Limited,2022-11-21,1462.31,48.91,14.9,9.96,32.23,407,10.32,1,0,53.56,1,"Institutional
Heavyweights"
Kaynes Technology India Limited,2022-11-22,857.82,98.47,21.21,4.1,34.16,587,32.03,1,1,897.59,1,"Institutional
Heavyweights"
Inox Green Energy Limited,2022-11-23,740.0,1.05,0.47,4.7,1.55,65,-6.92,0,0,146.15,0,"Retail-Driven
Weak Demand"
Keystone Realtors Limited,2022-11-24,635.0,3.84,3.03,0.53,2.01,541,2.59,1,0,11.6,1,"Institutional
Heavyweights"
Dharmaj Crop Guard Limited,2022-12-08,251.09,48.21,52.29,21.53,35.49,237,12.24,1,0,34.81,2,"Blockbuster
Demand Stars"
Uniparts India Limited,2022-12-12,835.61,67.14,17.86,4.63,25.32,577,-0.35,0,0,-32.25,1,"Institutional
Heavyweights"
Sula Vineyards Limited,2022-12-22,960.35,4.13,1.51,1.65,2.33,357,0.28,1,0,-29.97,1,"Institutional
Heavyweights"
Abans Financial Services Limited,2022-12-23,345.6,4.1,1.48,0.4,1.1,270,0.0,0,0,-17.98,1,"Institutional
Heavyweights"
Landmark Cars Limited,2022-12-23,552.0,8.71,1.32,0.59,3.06,506,-6.86,0,0,-2.78,1,"Institutional
Heavyweights"
KFin Technologies Limited,2022-12-29,1500.0,4.17,0.23,1.36,2.59,366,0.82,1,0,197.36,1,"Institutional
Heavyweights"
Elin Electronics Limited,2022-12-30,475.0,4.51,3.29,2.2,3.09,247,-1.62,0,0,-30.4,1,"Institutional
Heavyweights"
Radiant Cash Management Services Limited,2023-01-04,256.64,1.01,0.66,0.21,0.53,94,5.64,1,0,-42.36,1,"Institutional
Heavyweights"
Sah Polymers Limited,2023-01-12,66.3,2.4,32.69,39.78,17.46,65,30.77,1,1,76.15,0,"Retail-Driven
Weak Demand"
Divgi Torqtransfer Systems Limited,2023-03-14,412.12,7.83,1.4,4.31,5.44,590,1.69,1,0,10.01,1,"Institutional
Heavyweights"
Global Surfaces Limited,2023-03-23,154.98,8.95,33.1,5.12,12.21,140,16.43,1,1,-12.21,2,"Blockbuster
Demand Stars"
Udayshivakumar Infosolutions Limited,2023-04-03,66.0,40.47,60.42,14.1,30.63,35,0.0,0,0,2.86,2,"Blockbuster
Demand Stars"
Avalon Technologies Limited,2023-04-18,865.0,3.57,0.41,0.84,2.21,436,-1.15,0,0,102.8,1,"Institutional
Heavyweights"
Mankind Pharma Limited,2023-05-09,4326.36,49.16,3.8,0.92,15.32,1080,20.37,1,1,126.6,1,"Institutional
Heavyweights"
Nexus Select Trust,2023-05-19,3200.0,0.0,0.0,0.0,3.61,100,2.27,1,0,49.01,1,"Institutional
Heavyweights"
IKIO Technologies Limited (formerly IKIO Lighting Limited),2023-06-16,606.5,163.58,63.35,13.86,66.3,285,37.19,1,1,-33.51,2,"Blockbuster
Demand Stars"
HMA Agro Industries Limited,2023-07-04,480.0,1.74,2.97,0.96,1.62,585,5.13,1,0,-94.79,1,"Institutional
Heavyweights"
Ideaforge Technologies Limited,2023-07-07,567.25,125.81,80.58,85.2,106.06,672,94.21,1,1,-31.66,2,"Blockbuster
Demand Stars"
Cyient DLM Limited,2023-07-10,592.0,90.44,45.05,49.22,67.31,265,51.32,1,1,62.26,2,"Blockbuster
Demand Stars"
Senco Gold Limited,2023-07-14,405.0,180.94,64.99,15.46,73.35,317,35.96,1,1,6.31,2,"Blockbuster
Demand Stars"
Utkarsh Small Finance Bank Limited,2023-07-21,500.0,124.85,81.64,72.11,101.91,25,59.8,1,1,-17.0,2,"Blockbuster
Demand Stars"
Netweb Technologies India Limited,2023-07-27,631.0,228.91,81.81,19.15,90.36,500,88.5,1,1,322.3,2,"Blockbuster
Demand Stars"
Yatharth Hospital & Trauma Care Services Limited,2023-08-07,686.55,85.1,37.22,8.34,36.16,300,1.33,1,0,139.0,1,"Institutional
Heavyweights"
SBFC Finance Limited,2023-08-16,1025.0,192.9,49.09,10.99,70.16,57,43.84,1,1,83.16,1,"Institutional
Heavyweights"
Concord Biotech Limited,2023-08-18,1550.52,67.67,16.99,3.78,24.87,741,21.46,1,1,119.16,1,"Institutional
Heavyweights"
TVS Supply Chain Solutions Limited,2023-08-23,880.0,1.35,2.35,7.61,2.78,197,4.72,1,0,-32.79,0,"Retail-Driven
Weak Demand"
Pyramid Technoplast Limited,2023-08-29,153.05,9.94,32.24,14.72,18.29,166,11.45,1,0,-3.34,0,"Retail-Driven
Weak Demand"
Aeroflex Industries Limited,2023-08-31,351.0,194.73,126.13,34.41,97.11,108,82.78,1,1,67.36,2,"Blockbuster
Demand Stars"
Vishnu Prakash R P Limited,2023-09-05,308.61,171.69,111.03,32.02,87.82,99,64.95,1,1,56.77,2,"Blockbuster
Demand Stars"
Rishabh Instruments Limited,2023-09-11,490.78,72.54,31.29,8.44,31.65,441,4.31,1,0,-35.05,1,"Institutional
Heavyweights"
Ratnaveer Precision Limited,2023-09-11,165.03,133.05,135.21,54.01,93.99,98,30.61,1,1,41.33,2,"Blockbuster
Demand Stars"
Jupiter Life Line Limited,2023-09-18,869.08,187.32,34.75,7.73,63.72,735,30.61,1,1,91.38,1,"Institutional
Heavyweights"
R R Kabel Limited,2023-09-20,1964.01,52.26,13.23,2.13,18.69,1035,13.91,1,0,17.03,1,"Institutional
Heavyweights"
EMS Limited,2023-09-21,321.25,0.67,29.73,16.62,15.05,211,33.44,1,1,175.12,0,"Retail-Driven
Weak Demand"
Zaggle Prepaid Ocean Limited,2023-09-22,563.38,16.73,8.85,5.94,12.57,164,-1.22,0,0,129.76,1,"Institutional
Heavyweights"
Samhi Hotels Limited,2023-09-22,1370.1,8.82,1.22,1.11,5.33,126,3.61,1,0,74.33,1,"Institutional
Heavyweights"
Sai Silks (Kalamandir) Limited,2023-09-27,1201.0,12.35,2.47,0.88,4.4,222,3.65,1,0,-22.84,1,"Institutional
Heavyweights"
Signature Global India Limited,2023-09-27,730.0,12.71,13.54,6.82,11.88,385,15.58,1,1,189.29,1,"Institutional
Heavyweights"
Yatra Online Limited,2023-09-28,775.0,2.05,0.42,2.11,1.61,142,-8.45,0,0,-7.98,1,"Institutional
Heavyweights"
Manoj Vaibhav Gems,2023-10-03,270.2,1.06,5.18,1.66,2.25,215,0.0,0,0,-4.33,0,"Retail-Driven
Weak Demand"
JSW Infrastructure Limited,2023-10-03,2800.0,57.09,15.99,10.32,37.37,119,20.17,1,1,148.7,1,"Institutional
Heavyweights"
Updater Services Limited,2023-10-04,640.0,4.48,0.85,1.39,2.9,300,-0.03,0,0,-13.33,1,"Institutional
Heavyweights"
Valiant Laboratories Limited,2023-10-06,152.46,20.83,73.64,16.06,29.76,140,15.0,1,0,-32.14,2,"Blockbuster
Demand Stars"
Plaza Wires Limited,2023-10-12,71.28,42.84,388.09,374.81,160.97,54,55.56,1,1,3.72,0,"Retail-Driven
Weak Demand"
IRM Energy Limited,2023-10-26,544.36,44.73,48.34,9.29,27.05,505,-5.15,0,0,-45.15,1,"Institutional
Heavyweights"
Blue Jet Healthcare Limited,2023-11-01,840.27,13.72,13.59,2.24,7.95,346,4.02,1,0,125.59,1,"Institutional
Heavyweights"
Cello World Limited,2023-11-06,1900.0,108.57,24.42,3.06,38.9,648,28.24,1,1,-12.98,1,"Institutional
Heavyweights"
Honasa Consumer Limited (Mamaearth),2023-11-07,1701.44,11.5,4.02,1.35,7.61,324,0.0,0,0,-18.04,1,"Institutional
Heavyweights"
ESAF Small Finance Bank Limited,2023-11-10,463.0,173.52,84.37,16.97,73.15,60,19.83,1,1,-49.95,2,"Blockbuster
Demand Stars"
Protean eGov Technologies Limited,2023-11-13,489.95,46.94,31.62,8.93,23.86,792,0.0,0,0,-9.12,1,"Institutional
Heavyweights"
ASK Automotive Limited,2023-11-15,833.91,142.41,35.47,5.7,51.14,282,8.12,1,0,64.93,1,"Institutional
Heavyweights"
Indian Renewable Energy Development Agency Limited (IREDA),2023-11-29,2150.21,104.57,24.16,7.73,38.8,32,56.25,1,1,353.13,1,"Institutional
Heavyweights"
Fedbank Financial Services Limited,2023-11-30,1092.26,3.51,1.45,1.82,2.2,140,-1.61,0,0,-6.96,1,"Institutional
Heavyweights"
Gandhar Oil Refineries Limited,2023-11-30,500.69,129.0,62.23,28.95,64.07,169,74.79,1,1,-11.51,2,"Blockbuster
Demand Stars"
Tata Technologies Limited,2023-11-30,3042.51,203.41,62.11,16.5,69.43,500,139.99,1,1,33.85,2,"Blockbuster
Demand Stars"
Flair Writing Instruments Limited,2023-12-01,593.0,115.6,33.37,13.01,46.68,304,65.46,1,1,7.4,2,"Blockbuster
Demand Stars"
India Shelter Finance Limited,2023-12-20,1200.0,89.7,28.51,9.95,36.71,493,24.28,1,1,86.22,1,"Institutional
Heavyweights"
Doms Industries Limited,2023-12-20,1200.0,115.97,66.51,69.67,93.52,790,77.22,1,1,222.96,2,"Blockbuster
Demand Stars"
Inox India Limited,2023-12-21,1459.32,147.8,53.2,15.3,61.28,660,41.39,1,1,68.17,1,"Institutional
Heavyweights"
Suraj Estate Developers Limited,2023-12-26,400.0,24.31,18.9,9.3,15.65,360,-4.5,0,0,-20.53,1,"Institutional
Heavyweights"
Motisons Jewellers Limited,2023-12-26,151.09,157.4,233.91,122.28,159.61,55,88.91,1,1,-66.24,2,"Blockbuster
Demand Stars"
Muthoot Microfin Limited,2023-12-26,960.0,17.47,13.2,7.61,11.52,291,-4.47,0,0,-49.79,1,"Institutional
Heavyweights"
RBZ Jewellers Limited,2023-12-27,100.0,13.43,9.27,24.74,16.86,100,0.0,0,0,41.35,0,"Retail-Driven
Weak Demand"
Credo Brands Marketing Limited,2023-12-27,549.78,104.95,55.52,19.94,51.85,280,0.71,1,0,-57.11,1,"Institutional
Heavyweights"
Happy Forgings Limited,2023-12-27,1008.59,220.48,62.17,15.09,82.04,850,17.79,1,1,13.02,1,"Institutional
Heavyweights"
Azad Engineering Limited,2023-12-28,740.0,179.66,87.61,23.79,80.65,524,35.5,1,1,182.68,2,"Blockbuster
Demand Stars"
Innova Captab Limited,2023-12-29,570.0,116.73,64.95,17.15,55.26,448,1.81,1,0,99.2,1,"Institutional
Heavyweights"
Jyoti CNC Automation Limited,2024-01-16,1000.0,44.13,36.48,26.17,38.53,331,12.39,1,0,176.36,1,"Institutional
Heavyweights"
Medi Assist Healthcare Services Limited,2024-01-23,1171.58,40.14,14.85,3.19,16.25,418,11.24,1,0,38.28,1,"Institutional
Heavyweights"
Epack Durable Limited,2024-01-30,640.05,25.5,28.1,6.29,16.37,230,-2.17,0,0,64.28,1,"Institutional
Heavyweights"
Nova Agritech Limited,2024-01-31,143.81,79.31,224.08,77.12,109.37,41,36.59,1,1,22.93,2,"Blockbuster
Demand Stars"
BLS E-Services Limited,2024-02-06,309.29,123.3,300.14,237.0,162.47,135,128.89,1,1,37.67,2,"Blockbuster
Demand Stars"
Apeejay Surrendra Group (conglomerate),2024-02-12,920.0,75.14,52.41,30.35,59.66,155,20.65,1,1,-3.97,2,"Blockbuster
Demand Stars"
Rashi Peripherals Limited,2024-02-14,600.0,143.66,62.75,10.44,59.71,311,7.72,1,0,-9.86,1,"Institutional
Heavyweights"
Capital Small Finance Bank Limited,2024-02-14,523.07,6.64,4.05,2.49,4.0,468,-7.05,0,0,-36.23,1,"Institutional
Heavyweights"
Jana Small Finance Bank Limited,2024-02-14,570.0,38.75,25.05,5.46,18.5,414,-4.35,0,0,11.35,1,"Institutional
Heavyweights"
Entero Healthcare Solutions Limited,2024-02-16,1600.0,2.28,0.22,1.33,1.53,1258,-1.03,0,0,-4.2,1,"Institutional
Heavyweights"
Vibhor Steel Tubes Limited,2024-02-20,72.17,178.73,721.34,188.17,298.86,151,178.81,1,1,4.77,2,"Blockbuster
Demand Stars"
Juniper Hotels Ltd ,2024-02-28,1800.0,0.0,0.06,0.52,0.11,360,0.33,1,0,-18.93,0,"Retail-Driven
Weak Demand"
GPT Healthcare Ltd ,2024-02-29,525.14,17.3,11.02,2.44,8.52,186,16.21,1,1,-16.67,1,"Institutional
Heavyweights"
Platinum Industries Ltd ,2024-03-05,235.32,151.0,141.83,50.99,99.03,171,33.33,1,1,61.75,2,"Blockbuster
Demand Stars"
Exicom Tele-Systems Ltd ,2024-03-05,429.0,121.8,153.22,119.59,129.54,142,85.92,1,1,-2.08,2,"Blockbuster
Demand Stars"
Mukka Proteins Ltd ,2024-03-07,224.0,189.28,250.38,58.52,136.99,28,57.14,1,1,-1.39,2,"Blockbuster
Demand Stars"
R K Swamy Ltd ,2024-03-12,423.56,20.58,34.36,34.03,25.94,288,-12.5,0,0,-45.9,0,"Retail-Driven
Weak Demand"
Indus Infra Trust ,2024-03-12,2499.99,8.92,6.93,0.0,8.01,100,1.0,1,0,11.53,1,"Institutional
Heavyweights"
J.G.Chemicals Ltd ,2024-03-13,251.19,32.09,46.33,17.44,27.78,221,-4.52,0,0,118.21,2,"Blockbuster
Demand Stars"
Gopal Snacks Ltd,2024-03-14,650.0,17.5,9.5,4.01,9.02,401,-12.72,0,0,-7.42,1,"Institutional
Heavyweights"
Popular Vehicles & Services Ltd ,2024-03-19,601.55,1.97,0.66,1.05,1.23,295,-1.02,0,0,-59.32,1,"Institutional
Heavyweights"
Krystal Integrated Services Ltd ,2024-03-21,300.12,7.33,43.91,3.32,13.21,715,11.19,1,0,-12.48,2,"Blockbuster
Demand Stars"
SRM Contractors Ltd ,2024-04-03,130.2,59.59,214.94,46.97,86.57,210,7.14,1,0,126.93,2,"Blockbuster
Demand Stars"
Bharti Hexacom Ltd ,2024-04-12,4275.0,48.57,10.52,2.83,29.88,570,32.49,1,1,205.77,1,"Institutional
Heavyweights"
Vodafone Idea Ltd ,2024-04-25,18000.0,17.56,4.13,0.92,6.36,11,9.09,1,0,-40.0,1,"Institutional
Heavyweights"
Stanley Lifestyles Limited,2024-06-28,537.02,0.74,8.86,6.11,5.22,369,35.23,1,1,-14.16,0,"Retail-Driven
Weak Demand"
Allied Blenders and Distillers Limited,2024-07-02,1500.0,50.37,32.4,4.51,23.55,281,13.2,1,0,76.07,1,"Institutional
Heavyweights"
Vraj Iron & Steel Limited,2024-07-03,171.0,163.9,208.81,54.93,119.04,207,15.94,1,1,-21.74,2,"Blockbuster
Demand Stars"
Bansal Wire Industries Limited,2024-07-10,745.0,146.05,51.46,13.64,59.57,256,37.52,1,1,43.03,1,"Institutional
Heavyweights"
Emcure Pharmaceuticals Limited,2024-07-10,1952.03,195.83,48.32,7.21,67.87,1008,31.45,1,1,37.95,1,"Institutional
Heavyweights"
Sanstar Limited,2024-07-26,510.55,145.68,136.5,24.23,82.99,95,12.0,1,0,-9.61,2,"Blockbuster
Demand Stars"
Akums Drugs and Pharmaceuticals Limited,2024-08-06,1856.74,90.09,42.21,21.3,63.56,679,6.77,1,0,-30.34,1,"Institutional
Heavyweights"
Ceigall India Limited,2024-08-08,1252.66,31.5,14.42,3.77,13.78,401,2.99,1,0,-38.34,1,"Institutional
Heavyweights"
Ola Electric Mobility Limited,2024-08-09,6145.56,5.31,2.4,3.92,4.27,76,-0.01,0,0,-47.38,1,"Institutional
Heavyweights"
Brainbees Solutions Limited,2024-08-13,4193.73,19.3,4.68,2.31,12.22,465,34.41,1,1,-19.65,1,"Institutional
Heavyweights"
Unicommerce eSolutions Limited,2024-08-13,276.57,138.75,252.48,131.15,168.39,108,112.96,1,1,15.14,2,"Blockbuster
Demand Stars"
Saraswati Saree Depot Limited,2024-08-20,160.01,64.12,358.65,61.88,107.52,160,25.0,1,1,-42.62,2,"Blockbuster
Demand Stars"
Interarch Building Products Limited,2024-08-26,600.29,205.41,128.42,19.11,93.53,900,43.47,1,1,146.33,2,"Blockbuster
Demand Stars"
Orient Technologies Limited,2024-08-28,214.76,189.9,300.6,66.87,151.71,206,40.78,1,1,54.88,2,"Blockbuster
Demand Stars"
Premier Energies Limited,2024-09-03,2830.4,216.67,50.04,7.69,74.38,450,120.22,1,1,125.66,2,"Blockbuster
Demand Stars"
Ecos (India) Mobility & Hospitality Limited,2024-09-04,601.2,136.85,71.23,19.79,64.26,334,17.16,1,1,-12.2,1,"Institutional
Heavyweights"
Baazar Style Retail Limited,2024-09-06,834.68,81.83,59.43,9.12,40.66,389,0.0,0,0,-18.97,1,"Institutional
Heavyweights"
Gala Precision Engineering Limited,2024-09-09,167.93,232.54,414.62,91.95,201.41,529,41.78,1,1,53.98,2,"Blockbuster
Demand Stars"
Shree Tirupati Balajee Agro Trading Company Limited,2024-09-12,169.65,150.87,210.12,73.22,124.75,83,11.93,1,0,-39.31,2,"Blockbuster
Demand Stars"
Bajaj Housing Finance Limited,2024-09-16,6560.0,209.36,41.51,7.04,63.61,70,114.29,1,1,61.71,2,"Blockbuster
Demand Stars"
Tolins Tyres Limited,2024-09-16,230.0,25.42,27.41,21.52,23.89,226,0.44,1,0,-31.42,0,"Retail-Driven
Weak Demand"
Kross Limited,2024-09-16,500.0,23.32,22.24,10.76,16.81,240,0.0,0,0,-32.21,1,"Institutional
Heavyweights"
P N Gadgil Jewellers Limited,2024-09-17,1100.0,136.85,56.08,16.58,59.4,480,73.75,1,1,15.44,2,"Blockbuster
Demand Stars"
Western Carriers Limited,2024-09-24,492.88,27.99,44.71,25.95,30.57,172,-1.16,0,0,-30.23,2,"Blockbuster
Demand Stars"
Northern ARC Capital Limited,2024-09-24,777.0,240.79,142.41,31.08,110.91,263,33.46,1,1,-12.53,2,"Blockbuster
Demand Stars"
Arkade Developers Limited,2024-09-24,410.0,163.16,163.02,51.39,106.83,128,37.42,1,1,48.91,2,"Blockbuster
Demand Stars"
Manba Finance Limited,2024-09-30,150.84,148.55,511.62,143.95,224.05,120,25.0,1,1,15.46,2,"Blockbuster
Demand Stars"
KRN Heat Exchanger and Refrigeration Limited,2024-10-03,341.95,253.04,431.63,98.29,214.42,220,113.64,1,1,314.2,2,"Blockbuster
Demand Stars"
Diffusion Engineers Limited,2024-10-04,157.96,95.74,207.6,85.61,114.49,168,11.9,1,0,100.3,2,"Blockbuster
Demand Stars"
Garuda Construction and Engineering Limited,2024-10-15,264.1,1.24,9.03,10.81,7.55,95,8.63,1,0,80.42,0,"Retail-Driven
Weak Demand"
Hyundai Motor India Limited,2024-10-22,27858.8,6.97,0.6,0.5,2.37,1960,-1.48,0,0,14.02,1,"Institutional
Heavyweights"
Waaree Energies Limited,2024-10-28,4321.44,208.63,62.49,10.79,76.34,1503,69.66,1,1,110.98,2,"Blockbuster
Demand Stars"
Deepak Builders & Engineers India Limited,2024-10-28,260.04,13.91,82.47,39.79,41.54,203,-2.22,0,0,-34.88,0,"Retail-Driven
Weak Demand"
Godavari Biorefineries Limited,2024-10-30,554.75,2.76,0.9,1.71,1.83,352,-11.78,0,0,-19.32,1,"Institutional
Heavyweights"
Afcons Infrastructure Limited,2024-11-04,5430.0,3.79,5.05,0.94,2.63,463,-7.12,0,0,-8.86,1,"Institutional
Heavyweights"
Sagility India Limited,2024-11-12,2106.4,3.52,1.93,4.16,3.2,30,3.53,1,0,49.1,1,"Institutional
Heavyweights"
ACME Solar Holdings Limited,2024-11-13,2900.0,3.54,0.97,3.1,2.75,289,-10.38,0,0,-4.38,1,"Institutional
Heavyweights"
Swiggy Limited,2024-11-13,11327.4,6.02,0.41,1.14,3.59,390,5.64,1,0,2.42,1,"Institutional
Heavyweights"
Niva Bupa Health Insurance Company Limited,2024-11-14,2200.0,2.06,0.68,2.73,1.8,74,6.08,1,0,8.69,1,"Institutional
Heavyweights"
Zinka Logistics Solution Limited (BlackBuck),2024-11-22,1114.72,2.76,0.24,1.66,1.86,273,2.22,1,0,96.76,1,"Institutional
Heavyweights"
NTPC Green Energy Limited,2024-11-27,10000.0,3.32,0.81,3.44,2.42,108,3.33,1,0,-4.07,1,"Institutional
Heavyweights"
Enviro Infra Engineers Limited,2024-11-29,650.3,157.05,153.8,24.48,89.9,148,47.3,1,1,66.89,2,"Blockbuster
Demand Stars"
Suraksha Diagnostic Limited,2024-12-06,846.25,1.74,1.41,0.95,1.27,441,-0.91,0,0,-32.53,1,"Institutional
Heavyweights"
Vishal Mega Mart Limited,2024-12-18,8000.0,80.75,14.25,2.31,27.28,78,41.03,1,1,82.31,1,"Institutional
Heavyweights"
Sai Life Sciences Limited,2024-12-18,3042.62,30.93,4.92,1.37,10.26,549,20.22,1,1,61.04,1,"Institutional
Heavyweights"
One Mobikwik Systems Limited,2024-12-18,572.0,119.5,108.95,134.67,119.38,279,58.51,1,1,-17.44,2,"Blockbuster
Demand Stars"
Inventurus Knowledge Solutions Limited,2024-12-19,2497.92,80.64,23.25,14.55,52.68,1329,39.65,1,1,19.08,1,"Institutional
Heavyweights"
International Gemmological Institute (India) Limited,2024-12-20,4225.0,45.8,24.84,11.21,33.78,417,21.07,1,1,-19.21,1,"Institutional
Heavyweights"
Concord Enviro Systems Limited,2024-12-27,500.33,17.32,14.2,5.56,10.67,701,18.69,1,1,-23.35,1,"Institutional
Heavyweights"
Sanathan Textiles Limited,2024-12-27,550.0,75.62,42.21,8.93,35.12,321,30.56,1,1,43.43,2,"Blockbuster
Demand Stars"
Mamata Machinery Limited,2024-12-27,179.35,235.88,274.38,138.08,194.95,243,146.91,1,1,74.12,2,"Blockbuster
Demand Stars"
Dam Capital Advisors Limited,2024-12-27,840.25,166.33,98.62,27.13,82.08,283,38.83,1,1,-22.37,2,"Blockbuster
Demand Stars"
Transrail Lighting Limited,2024-12-27,838.91,201.06,76.41,22.07,80.8,432,35.45,1,1,82.22,2,"Blockbuster
Demand Stars"
Ventive Hospitality Limited,2024-12-30,1600.0,9.08,13.85,5.87,9.8,643,11.69,1,0,15.75,1,"Institutional
Heavyweights"
Senores Pharmaceuticals Limited,2024-12-30,582.11,94.66,96.11,89.23,93.41,391,51.84,1,1,68.94,2,"Blockbuster
Demand Stars"
Carraro India Limited,2024-12-30,1250.0,2.21,0.6,0.71,1.12,704,-6.25,0,0,-40.77,1,"Institutional
Heavyweights"
Unimech Aerospace and Manufacturing Limited,2024-12-31,500.0,317.63,263.78,56.74,175.31,785,89.94,1,1,39.75,2,"Blockbuster
Demand Stars"
Indo Farm Equipment Limited,2025-01-07,260.15,242.4,503.83,104.92,229.68,215,20.19,1,1,-2.09,2,"Blockbuster
Demand Stars"
Standard Glass Lining Technology Limited,2025-01-13,410.05,331.6,268.5,64.99,183.18,140,25.71,1,1,18.43,2,"Blockbuster
Demand Stars"
Quadrant Future Tek Limited,2025-01-14,290.0,132.54,254.71,246.94,186.66,290,28.97,1,1,32.48,2,"Blockbuster
Demand Stars"
Capital Infra Trust,2025-01-17,1578.0,0.58,4.24,0.0,2.23,99,0.0,0,0,-20.22,1,"Institutional
Heavyweights"
Laxmi Dental Limited,2025-01-20,698.06,110.38,147.95,76.24,114.42,428,23.36,1,1,-7.0,2,"Blockbuster
Demand Stars"
Stallion India Fluorochem Limited,2025-01-23,199.45,172.93,422.42,96.89,188.37,90,33.33,1,1,37.56,2,"Blockbuster
Demand Stars"
Denta Water & Infrastructure Limited,2025-01-29,220.5,236.94,507.27,90.56,221.68,294,12.24,1,0,7.5,2,"Blockbuster
Demand Stars"
Dr Agarwal's Healthcare Limited,2025-02-04,3027.26,4.64,0.4,0.41,1.55,402,-1.27,0,0,12.31,1,"Institutional
Heavyweights"
Ajax Engineering Limited,2025-02-17,1268.88,14.41,6.46,1.92,6.44,629,-5.72,0,0,14.04,1,"Institutional
Heavyweights"
Hexaware Technologies Limited,2025-02-19,8750.0,9.09,0.2,0.11,2.66,708,3.25,1,0,0.13,1,"Institutional
Heavyweights"
Quality Power Electronics Limited,2025-02-24,858.7,1.03,1.45,1.83,1.29,425,1.66,1,0,89.34,0,"Retail-Driven
Weak Demand"
Ather Energy Limited,2025-05-06,2980.8,1.7,0.66,1.78,1.43,321,1.57,1,0,28.21,1,"Institutional
Heavyweights"
Borana Weaves Limited,2025-05-27,144.89,87.21,237.42,200.53,148.78,216,12.5,1,0,2.22,2,"Blockbuster
Demand Stars"
Belrise Industries Limited,2025-05-28,2150.0,108.35,38.33,4.27,41.3,90,9.44,1,0,52.22,1,"Institutional
Heavyweights"
Schloss Bangalore Limited,2025-06-02,3500.0,7.46,1.02,0.83,4.5,435,-6.55,0,0,0.79,1,"Institutional
Heavyweights"
Aegis Vopak Terminals Limited,2025-06-02,2800.0,3.3,0.56,0.77,2.09,235,-6.38,0,0,2.89,1,"Institutional
Heavyweights"
Prostarm Info Systems Limited,2025-06-03,168.0,104.49,222.14,39.49,97.2,105,19.05,1,1,100.9,2,"Blockbuster
Demand Stars"
Scoda Tubes Limited,2025-06-04,220.0,69.51,113.03,19.4,53.78,140,0.0,0,0,31.5,2,"Blockbuster
Demand Stars"
Oswal Pumps Limited,2025-06-20,1387.34,88.08,36.7,3.6,34.42,614,2.93,1,0,24.4,1,"Institutional
Heavyweights"
Arisinfra Solutions Limited,2025-06-25,499.6,1.42,3.14,5.59,2.65,222,-5.81,0,0,-32.79,0,"Retail-Driven
Weak Demand"
Globe Civil Projects Limited,2025-07-01,119.0,99.76,143.15,53.72,86.04,71,28.31,1,1,14.55,2,"Blockbuster
Demand Stars"
Ellenbarrie Industrial Gases Limited,2025-07-01,852.53,64.23,15.21,2.14,22.19,400,23.0,1,1,30.6,1,"Institutional
Heavyweights"
Kalpataru Limited,2025-07-01,1590.0,3.12,1.31,1.29,2.26,414,0.02,1,0,-1.28,1,"Institutional
Heavyweights"
Sambhv Steel Tubes Limited,2025-07-02,540.0,62.32,31.82,7.99,28.46,82,34.27,1,1,47.32,1,"Institutional
Heavyweights"
HDB Financial Services Limited,2025-07-02,12500.0,55.47,9.99,1.41,16.69,740,12.84,1,0,0.26,1,"Institutional
Heavyweights"
Indogulf Cropsciences Limited,2025-07-03,200.0,33.26,48.39,14.78,25.98,111,0.0,0,0,-3.69,2,"Blockbuster
Demand Stars"
Crizac Limited,2025-07-09,860.0,134.35,76.15,10.24,59.82,245,14.29,1,0,21.78,1,"Institutional
Heavyweights"
Travel Food Services Limited,2025-07-14,2000.0,7.7,1.58,0.69,2.88,1100,2.38,1,0,4.38,1,"Institutional
Heavyweights"
Smartworks Coworking Limited,2025-07-17,582.56,24.41,22.78,3.53,13.45,407,7.15,1,0,13.59,1,"Institutional
Heavyweights"
Anthem Biosciences Limited,2025-07-21,3395.0,182.65,42.36,5.64,63.86,570,26.86,1,1,32.13,1,"Institutional
Heavyweights"
Indiqube Spaces Limited,2025-07-30,700.0,14.35,8.27,12.9,12.41,237,-7.72,0,0,-8.73,1,"Institutional
Heavyweights"
GNG Electronics Limited,2025-07-30,460.44,266.21,227.67,46.84,147.93,237,47.68,1,1,35.53,2,"Blockbuster
Demand Stars"
Brigade Hotel Ventures Limited,2025-07-31,759.6,5.42,1.92,6.4,4.48,90,-8.89,0,0,-4.5,1,"Institutional
Heavyweights"
Shanti Gold International Ltd,2025-08-01,360.11,117.33,151.48,30.37,81.17,199,15.13,1,1,27.64,2,"Blockbuster
Demand Stars"
Laxmi India Finance Ltd,2025-08-05,254.26,1.3,1.84,2.22,1.87,158,-13.92,0,0,-5.7,0,"Retail-Driven
Weak Demand"
Aditya Infotech Ltd,2025-08-05,1300.0,133.21,72.0,50.87,100.69,675,50.81,1,1,57.72,2,"Blockbuster
Demand Stars"
National Securities Depository Ltd (NSDL),2025-08-06,4011.6,103.97,34.98,7.73,41.01,800,10.0,1,0,,1,"Institutional
Heavyweights"
Sri Lotus Developers & Realty Ltd,2025-08-06,792.0,163.9,57.71,20.28,69.14,150,19.4,1,1,34.07,1,"Institutional
Heavyweights"
M & B Engineering Ltd,2025-08-06,650.0,36.72,38.24,32.55,36.2,385,0.26,1,0,10.87,1,"Institutional
Heavyweights"
